time,step,price,size,side,kind
2026-09-12T18:45:46,9,1000,17.67,sell,market
2026-09-12T18:45:46,10,1005,20.85,buy,market
2026-09-12T18:45:46,27,1000,17.75,sell,market
2026-09-12T18:45:46,41,1000,9.9,sell,market
2026-09-12T18:45:46,43,1005,3.88,buy,market
2026-09-12T18:45:46,45,1005,15.47,buy,market
2026-09-12T18:45:46,47,1005,13.97,buy,market
2026-09-12T18:45:46,47,1000,6.539999999999997,sell,stop
2026-09-12T18:45:46,47,999,7.430000000000003,sell,stop
2026-09-12T18:45:46,47,999,20.85,sell,stop
2026-09-12T18:45:46,51,1004,22.1,buy,market
2026-09-12T18:45:46,54,999,9.6,sell,market
2026-09-12T18:45:46,56,999,21.89,sell,market
2026-09-12T18:45:46,67,999,10.149999999999999,sell,market
2026-09-12T18:45:46,67,998,5.510000000000002,sell,market
2026-09-12T18:45:46,68,998,19.85,sell,market
2026-09-12T18:45:46,70,1003,16.47,buy,market
2026-09-12T18:45:46,72,998,11.58,sell,market
2026-09-12T18:45:46,74,998,9.759999999999996,sell,market
2026-09-12T18:45:46,74,997,3.5900000000000034,sell,market
2026-09-12T18:45:46,74,997,22.1,sell,stop
2026-09-12T18:45:46,75,997,3.859999999999996,sell,market
2026-09-12T18:45:46,75,996,8.620000000000005,sell,market
2026-09-12T18:45:46,75,996,3.88,sell,stop
2026-09-12T18:45:46,76,996,19.43,sell,market
2026-09-12T18:45:46,81,1001,25.24,buy,market
2026-09-12T18:45:46,86,996,12.319999999999997,sell,market
2026-09-12T18:45:46,86,995,13.310000000000002,sell,market
2026-09-12T18:45:46,86,995,15.47,sell,stop
2026-09-12T18:45:46,91,1000,18.97,buy,market
2026-09-12T18:45:46,92,995,18.57,sell,market
2026-09-12T18:45:46,92,1000,18.57,buy,stop
2026-09-12T18:45:46,97,1000,3.210000000000001,buy,market
2026-09-12T18:45:46,97,1001,5.490000000000002,buy,market
2026-09-12T18:45:46,97,1002,7.029999999999998,buy,market
2026-09-12T18:45:46,98,997,14.15,sell,market
2026-09-12T18:45:46,98,1002,14.15,buy,stop
2026-09-12T18:45:46,99,1002,5.500000000000002,buy,market
2026-09-12T18:45:46,99,1003,7.989999999999998,buy,market
2026-09-12T18:45:46,99,1003,13.35,buy,stop
2026-09-12T18:45:46,102,1003,18.550000000000004,buy,market
2026-09-12T18:45:46,102,1004,4.769999999999996,buy,market
2026-09-12T18:45:46,103,1004,11.51,buy,market
2026-09-12T18:45:46,107,999,15.14,sell,market
2026-09-12T18:45:46,109,1004,7.77,buy,market
2026-09-12T18:45:46,113,1004,15.260000000000009,buy,market
2026-09-12T18:45:46,113,1005,2.1899999999999906,buy,market
2026-09-12T18:45:46,113,1005,21.89,buy,stop
2026-09-12T18:45:46,113,1005,4.780000000000008,buy,stop
2026-09-12T18:45:46,113,1006,7.699999999999992,buy,stop
2026-09-12T18:45:46,113,1006,11.58,buy,stop
2026-09-12T18:45:46,113,1006,19.43,buy,stop
2026-09-12T18:45:46,113,1006,18.020000000000003,buy,stop
2026-09-12T18:45:46,113,1007,7.609999999999996,buy,stop
2026-09-12T18:45:46,113,1007,15.14,buy,stop
2026-09-12T18:45:46,117,1002,12.61,sell,market
2026-09-12T18:45:46,118,1002,10.8,sell,market
2026-09-12T18:45:46,121,1002,23.46,sell,market
2026-09-12T18:45:46,122,1002,11.16,sell,market
2026-09-12T18:45:46,124,1007,10.77,buy,market
2026-09-12T18:45:46,125,1002,1.0999999999999979,sell,market
2026-09-12T18:45:46,125,1001,10.930000000000001,sell,market
2026-09-12T18:45:46,125,1006,12.03,buy,stop
2026-09-12T18:45:46,132,1006,22.1,buy,market
2026-09-12T18:45:46,134,1001,11.49,sell,market
2026-09-12T18:45:46,138,1006,22.46,buy,market
2026-09-12T18:45:46,141,1006,11.57,buy,market
2026-09-12T18:45:46,146,1001,9.09,sell,market
2026-09-12T18:45:46,148,1001,2.380000000000001,sell,market
2026-09-12T18:45:46,148,1000,9.979999999999999,sell,market
2026-09-12T18:45:46,151,1000,19.19,sell,market
2026-09-12T18:45:46,152,1000,13.19,sell,market
2026-09-12T18:45:46,154,1000,1.4500000000000046,sell,market
2026-09-12T18:45:46,154,999,8.309999999999995,sell,market
2026-09-12T18:45:46,154,999,17.45,sell,stop
2026-09-12T18:45:46,154,999,12.500000000000004,sell,stop
2026-09-12T18:45:46,154,998,9.959999999999997,sell,stop
2026-09-12T18:45:46,154,998,11.57,sell,stop
2026-09-12T18:45:46,155,1003,13.34,buy,market
2026-09-12T18:45:46,156,998,10.15,sell,market
2026-09-12T18:45:46,156,1003,10.15,buy,stop
2026-09-12T18:45:46,157,1003,10.879999999999997,buy,market
2026-09-12T18:45:46,157,1004,4.690000000000003,buy,market
2026-09-12T18:45:46,163,999,18.82,sell,market
2026-09-12T18:45:46,166,1004,14.9,buy,market
2026-09-12T18:45:46,168,999,12.71,sell,market
2026-09-12T18:45:46,171,999,15.72,sell,market
2026-09-12T18:45:46,176,999,7.219999999999997,sell,market
2026-09-12T18:45:46,176,998,5.160000000000004,sell,market
2026-09-12T18:45:46,176,998,14.07,sell,stop
2026-09-12T18:45:46,176,997,0.8300000000000001,sell,stop
2026-09-12T18:45:46,176,997,13.49,sell,stop
2026-09-12T18:45:46,176,997,10.77,sell,stop
2026-09-12T18:45:46,181,997,8.89,sell,market
2026-09-12T18:45:46,182,1002,20.56,buy,market
2026-09-12T18:45:46,182,1003,1.1600000000000001,buy,market
2026-09-12T18:45:46,183,998,16.02,sell,market
2026-09-12T18:45:46,188,1003,12.52,buy,market
2026-09-12T18:45:46,190,998,14.71,sell,market
2026-09-12T18:45:46,192,998,3.179999999999996,sell,market
2026-09-12T18:45:46,192,997,0.3000000000000007,sell,market
2026-09-12T18:45:46,192,996,14.280000000000005,sell,market
2026-09-12T18:45:46,192,996,20.589999999999993,sell,stop
2026-09-12T18:45:46,192,995,1.5100000000000087,sell,stop
2026-09-12T18:45:46,192,995,15.73,sell,stop
2026-09-12T18:45:46,192,995,7.77,sell,stop
2026-09-12T18:45:46,192,995,15.57,sell,stop
2026-09-12T18:45:46,192,995,3.769999999999989,sell,stop
2026-09-12T18:45:46,192,994,17.95000000000001,sell,stop
2026-09-12T18:45:46,192,994,11.739999999999991,sell,stop
2026-09-12T18:45:46,192,993,13.500000000000007,sell,stop
2026-09-12T18:45:46,192,993,23.32,sell,stop
2026-09-12T18:45:46,192,993,0.8299999999999912,sell,stop
2026-09-12T18:45:46,192,992,11.690000000000008,sell,stop
2026-09-12T18:45:46,192,992,16.47,sell,stop
2026-09-12T18:45:46,192,992,9.549999999999994,sell,stop
2026-09-12T18:45:46,192,991,1.9600000000000062,sell,stop
2026-09-12T18:45:46,192,991,18.97,sell,stop
2026-09-12T18:45:46,192,991,13.34,sell,stop
2026-09-12T18:45:46,200,996,16.99,buy,market
2026-09-12T18:45:46,202,996,13.34,buy,market
2026-09-12T18:45:46,202,997,3.039999999999999,buy,market
2026-09-12T18:45:46,203,992,9.95,sell,market
2026-09-12T18:45:46,207,992,8.5,sell,market
2026-09-12T18:45:46,212,992,13.69,sell,market
2026-09-12T18:45:46,214,997,8.91,buy,market
2026-09-12T18:45:46,215,992,7.28,sell,market
2026-09-12T18:45:46,218,992,16.33,sell,market
2026-09-12T18:45:46,226,992,12.880000000000003,sell,market
2026-09-12T18:45:46,226,991,4.399999999999999,sell,market
2026-09-12T18:45:46,232,996,16.88,buy,market
2026-09-12T18:45:46,234,991,1.9799999999999933,sell,market
2026-09-12T18:45:46,234,990,17.340000000000007,sell,market
2026-09-12T18:45:46,234,990,12.699999999999992,sell,stop
2026-09-12T18:45:46,234,989,3.680000000000007,sell,stop
2026-09-12T18:45:46,234,989,16.99,sell,stop
2026-09-12T18:45:46,234,989,8.91,sell,stop
2026-09-12T18:45:46,235,994,14.34,buy,market
2026-09-12T18:45:46,235,995,4.23,buy,market
2026-09-12T18:45:46,245,995,16.96,buy,market
2026-09-12T18:45:46,247,990,15.14,sell,market
2026-09-12T18:45:46,251,990,17.61,sell,market
2026-09-12T18:45:46,252,995,7.4,buy,market
2026-09-12T18:45:46,253,990,2.1400000000000006,sell,market
2026-09-12T18:45:46,253,989,16.27,sell,market
2026-09-12T18:45:46,259,989,7.44,sell,market
2026-09-12T18:45:46,261,994,20.65,buy,market
2026-09-12T18:45:46,262,994,0.2700000000000031,buy,market
2026-09-12T18:45:46,262,995,8.629999999999997,buy,market
2026-09-12T18:45:46,262,995,13.940000000000003,buy,stop
2026-09-12T18:45:46,262,996,4.469999999999997,buy,stop
2026-09-12T18:45:46,264,991,19.45,sell,market
2026-09-12T18:45:46,264,996,19.45,buy,stop
2026-09-12T18:45:46,269,991,20.02,sell,market
2026-09-12T18:45:46,270,991,10.71,sell,market
2026-09-12T18:45:46,271,996,15.03,buy,market
2026-09-12T18:45:46,273,991,2.629999999999999,sell,market
2026-09-12T18:45:46,273,990,15.34,sell,market
2026-09-12T18:45:46,273,990,15.03,sell,stop
2026-09-12T18:45:46,274,995,6.79,buy,market
2026-09-12T18:45:46,278,990,16.87,sell,market
2026-09-12T18:45:46,279,990,0.8399999999999928,sell,market
2026-09-12T18:45:46,279,989,14.350000000000007,sell,market
2026-09-12T18:45:46,280,994,13.91,buy,market
2026-09-12T18:45:46,280,989,13.91,sell,stop
2026-09-12T18:45:46,286,989,16.06,sell,market
2026-09-12T18:45:46,287,989,12.99,sell,market
2026-09-12T18:45:46,287,994,7.390000000000001,buy,stop
2026-09-12T18:45:46,287,995,5.6,buy,stop
2026-09-12T18:45:46,288,990,14.47,sell,market
2026-09-12T18:45:46,291,990,9.75,sell,market
2026-09-12T18:45:46,293,990,9.21,sell,market
2026-09-12T18:45:46,297,990,9.829999999999998,sell,market
2026-09-12T18:45:46,297,989,4.720000000000002,sell,market
2026-09-12T18:45:46,302,994,19.68,buy,market
2026-09-12T18:45:46,304,989,4.4499999999999975,sell,market
2026-09-12T18:45:46,304,988,14.840000000000002,sell,market
2026-09-12T18:45:46,304,988,8.9,sell,stop
2026-09-12T18:45:46,305,988,16.31,sell,market
2026-09-12T18:45:46,305,993,16.31,buy,stop
2026-09-12T18:45:46,310,988,14.82,sell,market
2026-09-12T18:45:46,312,993,16.4,buy,market
2026-09-12T18:45:46,313,988,6.13,sell,market
2026-09-12T18:45:46,313,993,3.150000000000002,buy,stop
2026-09-12T18:45:46,313,994,2.9799999999999978,buy,stop
2026-09-12T18:45:46,313,994,3.2700000000000022,buy,stop
2026-09-12T18:45:46,313,995,16.019999999999996,buy,stop
2026-09-12T18:45:46,313,995,14.82,buy,stop
2026-09-12T18:45:46,318,995,15.78,buy,market
2026-09-12T18:45:46,325,995,13.7,buy,market
2026-09-12T18:45:46,325,990,13.7,sell,stop
2026-09-12T18:45:46,327,990,16.61,sell,market
2026-09-12T18:45:46,330,995,19.5,buy,market
2026-09-12T18:45:46,333,990,18.24,sell,market
2026-09-12T18:45:46,333,995,13.099999999999994,buy,stop
2026-09-12T18:45:46,333,996,5.140000000000004,buy,stop
2026-09-12T18:45:46,333,996,17.97,buy,stop
2026-09-12T18:45:46,333,996,16.87,buy,stop
2026-09-12T18:45:46,333,996,1.4700000000000024,buy,stop
2026-09-12T18:45:46,333,997,13.719999999999997,buy,stop
2026-09-12T18:45:46,333,997,15.14,buy,stop
2026-09-12T18:45:46,333,997,3.719999999999999,buy,stop
2026-09-12T18:45:46,333,998,13.89,buy,stop
2026-09-12T18:45:46,333,998,13.69,buy,stop
2026-09-12T18:45:46,333,998,17.28,buy,stop
2026-09-12T18:45:46,333,998,1.1300000000000026,buy,stop
2026-09-12T18:45:46,333,999,18.189999999999998,buy,stop
2026-09-12T18:45:46,333,999,7.140000000000001,buy,stop
2026-09-12T18:45:46,333,1000,2.8099999999999987,buy,stop
2026-09-12T18:45:46,333,1000,7.28,buy,stop
2026-09-12T18:45:46,333,1000,7.44,buy,stop
2026-09-12T18:45:46,333,1000,5.61,buy,stop
2026-09-12T18:45:46,333,1001,8.79,buy,stop
2026-09-12T18:45:46,333,1002,5.620000000000001,buy,stop
2026-09-12T18:45:46,333,1002,8.5,buy,stop
2026-09-12T18:45:46,333,1002,16.33,buy,stop
2026-09-12T18:45:46,333,1002,10.71,buy,stop
2026-09-12T18:45:46,333,1002,11.190000000000005,buy,stop
2026-09-12T18:45:46,333,1003,4.869999999999994,buy,stop
2026-09-12T18:45:46,333,1003,12.710000000000004,buy,stop
2026-09-12T18:45:46,333,1004,1.7599999999999962,buy,stop
2026-09-12T18:45:46,333,1004,9.75,buy,stop
2026-09-12T18:45:46,333,1004,9.21,buy,stop
2026-09-12T18:45:46,333,1004,14.55,buy,stop
2026-09-12T18:45:46,333,1004,10.209999999999997,buy,stop
2026-09-12T18:45:46,333,1005,6.400000000000002,buy,stop
2026-09-12T18:45:46,333,1005,9.76,buy,stop
2026-09-12T18:45:46,336,1000,18.28,sell,market
2026-09-12T18:45:46,349,1000,12.44,sell,market
2026-09-12T18:45:46,350,1000,6.910000000000002,sell,market
2026-09-12T18:45:46,350,999,0.6099999999999977,sell,market
2026-09-12T18:45:46,355,999,19.85,sell,market
2026-09-12T18:45:46,355,1004,19.85,buy,stop
2026-09-12T18:45:46,367,999,19.94,sell,market
2026-09-12T18:45:46,371,999,13.359999999999996,sell,market
2026-09-12T18:45:46,371,998,2.940000000000005,sell,market
2026-09-12T18:45:46,373,998,10.42,sell,market
2026-09-12T18:45:46,379,1003,11.89,buy,market
2026-09-12T18:45:46,381,998,17.11,sell,market
2026-09-12T18:45:46,383,998,7.68,sell,market
2026-09-12T18:45:46,387,998,5.549999999999997,sell,market
2026-09-12T18:45:46,387,997,4.880000000000003,sell,market
2026-09-12T18:45:46,388,1002,18.93,buy,market
2026-09-12T18:45:46,388,997,18.93,sell,stop
2026-09-12T18:45:46,392,997,13.479999999999997,sell,market
2026-09-12T18:45:46,392,996,2.650000000000002,sell,market
2026-09-12T18:45:46,395,996,17.34,sell,market
2026-09-12T18:45:46,400,996,10.709999999999997,sell,market
2026-09-12T18:45:46,400,995,15.170000000000002,sell,market
2026-09-12T18:45:46,406,995,8.82,sell,market
2026-09-12T18:45:46,407,995,9.689999999999998,sell,market
2026-09-12T18:45:46,407,994,8.220000000000002,sell,market
2026-09-12T18:45:46,407,994,11.89,sell,stop
2026-09-12T18:45:46,408,994,10.8,sell,market
2026-09-12T18:45:46,409,994,12.02,sell,market
2026-09-12T18:45:46,411,994,2.809999999999995,sell,market
2026-09-12T18:45:46,411,993,9.090000000000005,sell,market
2026-09-12T18:45:46,412,998,14.45,buy,market
2026-09-12T18:45:46,413,993,18.81,sell,market
2026-09-12T18:45:46,414,998,17.24,buy,market
2026-09-12T18:45:46,416,993,18.08,sell,market
2026-09-12T18:45:46,416,998,6.1200000000000045,buy,stop
2026-09-12T18:45:46,416,999,11.959999999999994,buy,stop
2026-09-12T18:45:46,417,994,14.64,sell,market
2026-09-12T18:45:46,420,999,21.96,buy,market
2026-09-12T18:45:46,422,994,16.07,sell,market
2026-09-12T18:45:46,423,999,10.350000000000009,buy,market
2026-09-12T18:45:46,423,1000,4.609999999999992,buy,market
2026-09-12T18:45:46,423,1000,12.02,buy,stop
2026-09-12T18:45:46,423,1000,16.07,buy,stop
2026-09-12T18:45:46,425,1000,11.260000000000009,buy,market
2026-09-12T18:45:46,425,1001,7.61999999999999,buy,market
2026-09-12T18:45:46,425,1001,14.300000000000011,buy,stop
2026-09-12T18:45:46,425,1002,3.6099999999999888,buy,stop
2026-09-12T18:45:46,425,1002,8.82,buy,stop
2026-09-12T18:45:46,425,1002,10.8,buy,stop
2026-09-12T18:45:46,425,1002,18.81,buy,stop
2026-09-12T18:45:46,429,997,16.8,sell,market
2026-09-12T18:45:46,431,997,25.78,sell,market
2026-09-12T18:45:46,431,1002,24.6,buy,stop
2026-09-12T18:45:46,431,1003,1.1799999999999997,buy,stop
2026-09-12T18:45:46,431,1003,17.34,buy,stop
2026-09-12T18:45:46,431,1003,11.9,buy,stop
2026-09-12T18:45:46,431,1003,14.64,buy,stop
2026-09-12T18:45:46,433,998,18.52,sell,market
2026-09-12T18:45:46,434,998,14.65,sell,market
2026-09-12T18:45:46,442,998,9.66,sell,market
2026-09-12T18:45:46,445,998,8.280000000000005,sell,market
2026-09-12T18:45:46,445,997,0.769999999999996,sell,market
2026-09-12T18:45:46,453,1002,6.26,buy,market
2026-09-12T18:45:46,455,997,11.25,sell,market
2026-09-12T18:45:46,455,996,12.45,sell,market
2026-09-12T18:45:46,457,996,14.85,sell,market
2026-09-12T18:45:46,459,1001,19.65,buy,market
2026-09-12T18:45:46,463,1001,17.24,buy,market
2026-09-12T18:45:46,465,996,8.81,sell,market
2026-09-12T18:45:46,465,995,3.25,sell,market
2026-09-12T18:45:46,467,995,14.21,sell,market
2026-09-12T18:45:46,469,995,13.7,sell,market
2026-09-12T18:45:46,473,995,12.940000000000001,sell,market
2026-09-12T18:45:46,473,994,0.24999999999999822,sell,market
2026-09-12T18:45:46,473,994,6.26,sell,stop
2026-09-12T18:45:46,474,994,9.13,sell,market
2026-09-12T18:45:46,476,994,2.259999999999998,sell,market
2026-09-12T18:45:46,476,993,4.580000000000002,sell,market
2026-09-12T18:45:46,477,993,19.61,sell,market
2026-09-12T18:45:46,481,993,15.58,sell,market
2026-09-12T18:45:46,483,993,7.680000000000005,sell,market
2026-09-12T18:45:46,483,992,4.679999999999994,sell,market
2026-09-12T18:45:46,483,992,17.24,sell,stop
2026-09-12T18:45:46,483,992,21.96,sell,stop
2026-09-12T18:45:46,483,992,0.5100000000000087,sell,stop
2026-09-12T18:45:46,483,991,19.13999999999999,sell,stop
2026-09-12T18:45:46,483,991,14.96,sell,stop
2026-09-12T18:45:46,483,991,7.100000000000012,sell,stop
2026-09-12T18:45:46,483,990,11.779999999999987,sell,stop
2026-09-12T18:45:46,483,990,14.45,sell,stop
2026-09-12T18:45:46,483,990,17.24,sell,stop
2026-09-12T18:45:46,485,990,10.810000000000016,sell,market
2026-09-12T18:45:46,485,989,8.429999999999982,sell,market
2026-09-12T18:45:46,490,989,16.14,sell,market
2026-09-12T18:45:46,492,989,7.28,sell,market
2026-09-12T18:45:46,495,989,1.2600000000000167,sell,market
2026-09-12T18:45:46,495,988,11.809999999999985,sell,market
2026-09-12T18:45:46,495,988,15.78,sell,stop
2026-09-12T18:45:46,500,993,12.53,buy,market
2026-09-12T18:45:46,500,988,2.4200000000000177,sell,stop
2026-09-12T18:45:46,500,987,10.109999999999982,sell,stop
2026-09-12T18:45:46,500,987,7.4,sell,stop
2026-09-12T18:45:46,500,987,19.5,sell,stop
2026-09-12T18:45:46,501,992,13.6,buy,market
2026-09-12T18:45:46,505,987,7.84,sell,market
2026-09-12T18:45:46,507,992,11.95,buy,market
2026-09-12T18:45:46,508,992,4.790000000000003,buy,market
2026-09-12T18:45:46,508,993,9.909999999999997,buy,market
2026-09-12T18:45:46,508,993,7.84,buy,stop
2026-09-12T18:45:46,514,988,18.86,sell,market
2026-09-12T18:45:46,517,993,19.89,buy,market
2026-09-12T18:45:46,518,993,5.76,buy,market
2026-09-12T18:45:46,519,988,19.910000000000004,sell,market
2026-09-12T18:45:46,519,987,3.729999999999997,sell,market
2026-09-12T18:45:46,525,987,11.48,sell,market
2026-09-12T18:45:46,526,987,1.2900000000000276,sell,market
2026-09-12T18:45:46,526,986,13.569999999999972,sell,market
2026-09-12T18:45:46,526,986,11.500000000000028,sell,stop
2026-09-12T18:45:46,526,985,5.459999999999972,sell,stop
2026-09-12T18:45:46,526,985,16.88,sell,stop
2026-09-12T18:45:46,526,985,15.790000000000031,sell,stop
2026-09-12T18:45:46,526,984,2.779999999999969,sell,stop
2026-09-12T18:45:46,526,984,20.65,sell,stop
2026-09-12T18:45:46,526,984,6.79,sell,stop
2026-09-12T18:45:46,526,984,15.110000000000028,sell,stop
2026-09-12T18:45:46,526,983,4.569999999999972,sell,stop
2026-09-12T18:45:46,526,983,11.95,sell,stop
2026-09-12T18:45:46,526,983,14.7,sell,stop
2026-09-12T18:45:46,526,983,16.89000000000003,sell,stop
2026-09-12T18:45:46,526,982,2.9999999999999716,sell,stop
2026-09-12T18:45:46,526,982,5.76,sell,stop
2026-09-12T18:45:46,529,987,17.48,buy,market
2026-09-12T18:45:46,540,987,18.71,buy,market
2026-09-12T18:45:46,541,982,18.22,sell,market
2026-09-12T18:45:46,545,987,9.080000000000002,buy,market
2026-09-12T18:45:46,545,988,14.389999999999997,buy,market
2026-09-12T18:45:46,555,988,20.51,buy,market
2026-09-12T18:45:46,568,983,14.51,sell,market
2026-09-12T18:45:46,569,988,14.61,buy,market
2026-09-12T18:45:46,572,983,15.33,sell,market
2026-09-12T18:45:46,574,988,13.93,buy,market
2026-09-12T18:45:46,574,989,6.18,buy,market
2026-09-12T18:45:46,574,989,15.33,buy,stop
2026-09-12T18:45:46,578,984,22.97,sell,market
2026-09-12T18:45:46,591,989,18.59,buy,market
2026-09-12T18:45:46,593,984,16.69,sell,market
2026-09-12T18:45:46,602,984,17.53,sell,market
2026-09-12T18:45:46,605,989,8.18,buy,market
2026-09-12T18:45:46,608,989,16.99,buy,market
2026-09-12T18:45:46,608,990,5.380000000000003,buy,market
2026-09-12T18:45:46,608,990,14.51,buy,stop
2026-09-12T18:45:46,608,990,22.97,buy,stop
2026-09-12T18:45:46,609,985,12.55,sell,market
2026-09-12T18:45:46,609,990,4.600000000000001,buy,stop
2026-09-12T18:45:46,609,991,7.949999999999999,buy,stop
2026-09-12T18:45:46,610,991,5.97,buy,market
2026-09-12T18:45:46,612,986,21.54,sell,market
2026-09-12T18:45:46,613,986,14.9,sell,market
2026-09-12T18:45:46,617,986,0.4900000000000002,sell,market
2026-09-12T18:45:46,617,985,3.51,sell,market
2026-09-12T18:45:46,618,985,9.92,sell,market
2026-09-12T18:45:46,618,984,5.529999999999999,sell,market
2026-09-12T18:45:46,621,989,13.48,buy,market
2026-09-12T18:45:46,624,984,15.19,sell,market
2026-09-12T18:45:46,631,989,9.45,buy,market
2026-09-12T18:45:46,633,984,12.12,sell,market
2026-09-12T18:45:46,636,989,22.22,buy,market
2026-09-12T18:45:46,637,989,3.360000000000003,buy,market
2026-09-12T18:45:46,637,990,8.269999999999998,buy,market
2026-09-12T18:45:46,640,990,15.21,buy,market
2026-09-12T18:45:46,642,990,15.41,buy,market
2026-09-12T18:45:46,643,985,13.83,sell,market
2026-09-12T18:45:46,644,985,21.010000000000005,sell,market
2026-09-12T18:45:46,644,984,4.279999999999994,sell,market
2026-09-12T18:45:46,652,984,3.9700000000000113,sell,market
2026-09-12T18:45:46,652,983,7.669999999999989,sell,market
2026-09-12T18:45:46,654,983,12.94,sell,market
2026-09-12T18:45:46,656,983,10.02,sell,market
2026-09-12T18:45:46,659,988,21.4,buy,market
2026-09-12T18:45:46,662,983,20.63,sell,market
2026-09-12T18:45:46,663,988,7.3,buy,market
2026-09-12T18:45:46,666,988,17.61,buy,market
2026-09-12T18:45:46,671,983,18.3,sell,market
2026-09-12T18:45:46,671,988,1.0999999999999979,buy,stop
2026-09-12T18:45:46,671,989,17.200000000000003,buy,stop
2026-09-12T18:45:46,671,989,5.649999999999999,buy,stop
2026-09-12T18:45:46,671,990,14.98,buy,stop
2026-09-12T18:45:46,674,990,8.53,buy,market
2026-09-12T18:45:46,676,985,10.04,sell,market
2026-09-12T18:45:46,676,990,10.04,buy,stop
2026-09-12T18:45:46,678,990,13.260000000000005,buy,market
2026-09-12T18:45:46,678,991,7.059999999999995,buy,market
2026-09-12T18:45:46,678,991,12.12,buy,stop
2026-09-12T18:45:46,678,991,12.94,buy,stop
2026-09-12T18:45:46,678,991,10.02,buy,stop
2026-09-12T18:45:46,685,991,25.47,buy,market
2026-09-12T18:45:46,687,986,18.55,sell,market
2026-09-12T18:45:46,689,986,10.71,sell,market
2026-09-12T18:45:46,689,985,5.079999999999998,sell,market
2026-09-12T18:45:46,690,990,7.39,buy,market
2026-09-12T18:45:46,690,985,7.39,sell,stop
2026-09-12T18:45:46,693,985,15.03,sell,market
2026-09-12T18:45:46,694,985,14.45,sell,market
2026-09-12T18:45:46,697,985,2.570000000000004,sell,market
2026-09-12T18:45:46,697,984,17.059999999999995,sell,market
2026-09-12T18:45:46,698,984,18.180000000000007,sell,market
2026-09-12T18:45:46,698,983,4.109999999999992,sell,market
2026-09-12T18:45:46,698,983,20.32,sell,stop
2026-09-12T18:45:46,707,983,13.45000000000001,sell,market
2026-09-12T18:45:46,707,982,0.29999999999999005,sell,market
2026-09-12T18:45:46,707,982,8.18,sell,stop
2026-09-12T18:45:46,707,982,5.97,sell,stop
2026-09-12T18:45:46,707,982,13.48,sell,stop
2026-09-12T18:45:46,707,982,4.7000000000000135,sell,stop
2026-09-12T18:45:46,707,981,4.749999999999986,sell,stop
2026-09-12T18:45:46,707,981,13.6,sell,stop
2026-09-12T18:45:46,707,981,14.340000000000012,sell,stop
2026-09-12T18:45:46,707,980,9.129999999999987,sell,stop
2026-09-12T18:45:46,707,980,17.48,sell,stop
2026-09-12T18:45:46,707,980,11.450000000000014,sell,stop
2026-09-12T18:45:46,707,979,9.059999999999988,sell,stop
2026-09-12T18:45:46,707,979,20.11,sell,stop
2026-09-12T18:45:46,707,979,18.59,sell,stop
2026-09-12T18:45:46,707,979,7.4600000000000115,sell,stop
2026-09-12T18:45:46,707,978,14.90999999999999,sell,stop
2026-09-12T18:45:46,707,978,18.71,sell,stop
2026-09-12T18:45:46,707,978,13.680000000000007,sell,stop
2026-09-12T18:45:46,707,977,0.9299999999999926,sell,stop
2026-09-12T18:45:46,707,977,22.22,sell,stop
2026-09-12T18:45:46,707,977,11.63,sell,stop
2026-09-12T18:45:46,707,977,0.6700000000000106,sell,stop
2026-09-12T18:45:46,707,976,14.53999999999999,sell,stop
2026-09-12T18:45:46,707,976,14.85000000000001,sell,stop
2026-09-12T18:45:46,707,975,0.5599999999999898,sell,stop
2026-09-12T18:45:46,707,975,21.4,sell,stop
2026-09-12T18:45:46,707,975,0.8900000000000148,sell,stop
2026-09-12T18:45:46,707,974,6.409999999999985,sell,stop
2026-09-12T18:45:46,707,974,17.61,sell,stop
2026-09-12T18:45:46,707,974,8.53,sell,stop
2026-09-12T18:45:46,707,974,2.080000000000018,sell,stop
2026-09-12T18:45:46,707,973,16.46,sell,stop
2026-09-12T18:45:46,707,972,6.929999999999978,sell,stop
2026-09-12T18:45:46,715,972,17.39,sell,market
2026-09-12T18:45:46,716,977,17.1,buy,market
2026-09-12T18:45:46,716,972,17.1,sell,stop
2026-09-12T18:45:46,718,972,7.619999999999997,sell,market
2026-09-12T18:45:46,718,971,4.160000000000002,sell,market
2026-09-12T18:45:46,719,971,11.81,sell,market
2026-09-12T18:45:46,719,976,11.81,buy,stop
2026-09-12T18:45:46,722,971,16.46,sell,market
2026-09-12T18:45:46,723,976,13.9,buy,market
2026-09-12T18:45:46,726,971,5.009999999999991,sell,market
2026-09-12T18:45:46,726,970,4.830000000000009,sell,market
2026-09-12T18:45:46,726,970,13.9,sell,stop
2026-09-12T18:45:46,728,970,12.93,sell,market
2026-09-12T18:45:46,731,970,10.5,sell,market
2026-09-12T18:45:46,736,975,11.96,buy,market
2026-09-12T18:45:46,738,970,12.74,sell,market
2026-09-12T18:45:46,739,970,16.88,sell,market
2026-09-12T18:45:46,740,970,20.06,sell,market
2026-09-12T18:45:46,741,970,2.1700000000000017,sell,market
2026-09-12T18:45:46,741,969,10.009999999999998,sell,market
2026-09-12T18:45:46,741,969,11.96,sell,stop
2026-09-12T18:45:46,742,969,10.92,sell,market
2026-09-12T18:45:46,743,974,19.46,buy,market
2026-09-12T18:45:46,750,969,5.13,sell,market
2026-09-12T18:45:46,751,974,16.19,buy,market
2026-09-12T18:45:46,751,969,6.650000000000003,sell,stop
2026-09-12T18:45:46,751,968,9.54,sell,stop
2026-09-12T18:45:46,753,973,16.75,buy,market
2026-09-12T18:45:46,764,973,5.68,buy,market
2026-09-12T18:45:46,764,974,6.649999999999995,buy,market
2026-09-12T18:45:46,764,975,1.350000000000005,buy,market
2026-09-12T18:45:46,764,975,12.18,buy,stop
2026-09-12T18:45:46,765,970,14.18,sell,market
2026-09-12T18:45:46,769,970,14.51,sell,market
2026-09-12T18:45:46,773,970,8.550000000000002,sell,market
2026-09-12T18:45:46,773,969,7.189999999999998,sell,market
2026-09-12T18:45:46,777,974,15.0,buy,market
2026-09-12T18:45:46,780,969,13.55,sell,market
2026-09-12T18:45:46,781,969,13.71,sell,market
2026-09-12T18:45:46,781,974,13.600000000000001,buy,stop
2026-09-12T18:45:46,781,975,0.10999999999999943,buy,stop
2026-09-12T18:45:46,788,970,17.37,sell,market
2026-09-12T18:45:46,790,970,20.82,sell,market
2026-09-12T18:45:46,797,975,16.94,buy,market
2026-09-12T18:45:46,798,970,6.52,sell,market
2026-09-12T18:45:46,798,969,8.780000000000001,sell,market
2026-09-12T18:45:46,806,969,24.82,sell,market
2026-09-12T18:45:46,808,969,12.69,sell,market
2026-09-12T18:45:46,808,974,12.69,buy,stop
2026-09-12T18:45:46,811,969,8.999999999999998,sell,market
2026-09-12T18:45:46,811,968,0.8500000000000014,sell,market
2026-09-12T18:45:46,811,968,15.0,sell,stop
2026-09-12T18:45:46,813,968,13.69,sell,market
2026-09-12T18:45:46,814,968,11.17,sell,market
2026-09-12T18:45:46,814,967,7.959999999999999,sell,market
2026-09-12T18:45:46,815,972,1.0,buy,market
2026-09-12T18:45:46,818,967,18.65,sell,market
2026-09-12T18:45:46,820,972,11.62,buy,market
2026-09-12T18:45:46,821,967,0.8700000000000045,sell,market
2026-09-12T18:45:46,821,966,8.439999999999996,sell,market
2026-09-12T18:45:46,821,966,16.75,sell,stop
2026-09-12T18:45:46,822,971,17.74,buy,market
2026-09-12T18:45:46,824,966,14.94,sell,market
2026-09-12T18:45:46,824,971,14.94,buy,stop
2026-09-12T18:45:46,826,966,8.26,sell,market
2026-09-12T18:45:46,826,971,8.26,buy,stop
2026-09-12T18:45:46,833,966,17.09,sell,market
2026-09-12T18:45:46,835,966,0.15000000000000213,sell,market
2026-09-12T18:45:46,835,965,11.389999999999997,sell,market
2026-09-12T18:45:46,835,965,19.46,sell,stop
2026-09-12T18:45:46,835,965,7.460000000000004,sell,stop
2026-09-12T18:45:46,835,964,6.219999999999995,sell,stop
2026-09-12T18:45:46,835,964,16.94,sell,stop
2026-09-12T18:45:46,835,964,7.080000000000002,sell,stop
2026-09-12T18:45:46,835,963,4.539999999999997,sell,stop
2026-09-12T18:45:46,835,963,17.74,sell,stop
2026-09-12T18:45:46,837,963,14.68,sell,market
2026-09-12T18:45:46,843,963,0.7300000000000004,sell,market
2026-09-12T18:45:46,843,962,14.1,sell,market
2026-09-12T18:45:46,843,962,1.0,sell,stop
2026-09-12T18:45:46,845,962,9.82,sell,market
2026-09-12T18:45:46,845,967,9.82,buy,stop
2026-09-12T18:45:46,854,967,22.89,buy,market
2026-09-12T18:45:46,857,962,7.119999999999997,sell,market
2026-09-12T18:45:46,857,961,7.630000000000003,sell,market
2026-09-12T18:45:46,867,961,23.12,sell,market
2026-09-12T18:45:46,868,961,2.609999999999996,sell,market
2026-09-12T18:45:46,868,960,7.800000000000004,sell,market
2026-09-12T18:45:46,868,960,22.89,sell,stop
2026-09-12T18:45:46,869,965,15.2,buy,market
2026-09-12T18:45:46,871,965,8.59,buy,market
2026-09-12T18:45:46,876,960,2.6699999999999946,sell,market
2026-09-12T18:45:46,876,959,16.460000000000004,sell,market
2026-09-12T18:45:46,885,959,11.27,sell,market
2026-09-12T18:45:46,886,959,11.47,sell,market
2026-09-12T18:45:46,887,959,0.3199999999999985,sell,market
2026-09-12T18:45:46,887,958,11.440000000000001,sell,market
2026-09-12T18:45:46,888,958,9.55,sell,market
2026-09-12T18:45:46,890,958,13.87,sell,market
2026-09-12T18:45:46,891,958,5.749999999999998,sell,market
2026-09-12T18:45:46,891,957,5.760000000000002,sell,market
2026-09-12T18:45:46,891,957,15.2,sell,stop
2026-09-12T18:45:46,895,962,19.42,buy,market
2026-09-12T18:45:46,896,957,9.68,sell,market
2026-09-12T18:45:46,898,957,7.889999999999997,sell,market
2026-09-12T18:45:46,898,956,2.480000000000002,sell,market
2026-09-12T18:45:46,898,956,8.59,sell,stop
2026-09-12T18:45:46,906,961,12.96,buy,market
2026-09-12T18:45:46,907,956,14.39,sell,market
2026-09-12T18:45:46,908,956,5.329999999999995,sell,market
2026-09-12T18:45:46,908,955,11.830000000000005,sell,market
2026-09-12T18:45:46,908,955,19.42,sell,stop
2026-09-12T18:45:46,908,955,6.8899999999999935,sell,stop
2026-09-12T18:45:46,908,954,6.070000000000007,sell,stop
2026-09-12T18:45:46,908,959,17.16,buy,stop
2026-09-12T18:45:46,913,954,15.89,sell,market
2026-09-12T18:45:46,916,954,7.86999999999999,sell,market
2026-09-12T18:45:46,916,953,6.410000000000009,sell,market
2026-09-12T18:45:46,916,958,14.28,buy,stop
2026-09-12T18:45:46,919,958,24.44,buy,market
2026-09-12T18:45:46,924,953,15.96,sell,market
2026-09-12T18:45:46,925,958,18.59,buy,market
2026-09-12T18:45:46,929,953,12.069999999999986,sell,market
2026-09-12T18:45:46,929,952,4.930000000000014,sell,market
2026-09-12T18:45:46,929,952,24.44,sell,stop
2026-09-12T18:45:46,932,952,7.869999999999987,sell,market
2026-09-12T18:45:46,932,951,14.160000000000014,sell,market
2026-09-12T18:45:46,934,956,13.81,buy,market
2026-09-12T18:45:46,934,951,13.81,sell,stop
2026-09-12T18:45:46,942,956,18.99,buy,market
2026-09-12T18:45:46,945,956,9.720000000000002,buy,market
2026-09-12T18:45:46,945,957,4.129999999999997,buy,market
2026-09-12T18:45:46,949,957,9.87,buy,market
2026-09-12T18:45:46,953,957,10.88,buy,market
2026-09-12T18:45:46,956,952,18.34,sell,market
2026-09-12T18:45:46,960,952,10.85,sell,market
2026-09-12T18:45:46,961,957,12.1,buy,market
2026-09-12T18:45:46,963,952,18.89,sell,market
2026-09-12T18:45:46,978,952,14.94,sell,market
2026-09-12T18:45:46,979,952,3.6099999999999977,sell,market
2026-09-12T18:45:46,979,951,14.900000000000004,sell,market
2026-09-12T18:45:46,979,951,10.88,sell,stop
2026-09-12T18:45:46,982,951,11.95,sell,market
2026-09-12T18:45:46,984,951,2.8499999999999925,sell,market
2026-09-12T18:45:46,984,950,18.400000000000006,sell,market
2026-09-12T18:45:46,990,955,13.56,buy,market
2026-09-12T18:45:46,997,950,19.9,sell,market
2026-09-12T18:45:46,1005,950,1.6400000000000006,sell,market
2026-09-12T18:45:46,1005,949,24.48,sell,market
2026-09-12T18:45:46,1005,949,18.59,sell,stop
2026-09-12T18:45:46,1005,949,6.399999999999999,sell,stop
2026-09-12T18:45:46,1005,948,3.4700000000000006,sell,stop
2026-09-12T18:45:46,1005,948,12.1,sell,stop
2026-09-12T18:45:46,1010,953,24.39,buy,market
2026-09-12T18:45:46,1012,948,12.07,sell,market
2026-09-12T18:45:46,1013,953,8.74,buy,market
2026-09-12T18:45:46,1018,953,9.87,buy,market
2026-09-12T18:45:46,1018,954,4.470000000000001,buy,market
2026-09-12T18:45:46,1019,949,15.39,sell,market
2026-09-12T18:45:46,1022,954,8.54,buy,market
2026-09-12T18:45:46,1025,954,15.19,buy,market
2026-09-12T18:45:46,1032,949,13.04,sell,market
2026-09-12T18:45:46,1033,949,0.75,sell,market
2026-09-12T18:45:46,1033,948,8.05,sell,market
2026-09-12T18:45:46,1033,948,14.34,sell,stop
2026-09-12T18:45:46,1036,948,8.89,sell,market
2026-09-12T18:45:46,1036,947,2.3200000000000003,sell,market
2026-09-12T18:45:46,1036,947,18.99,sell,stop
2026-09-12T18:45:46,1036,947,7.510000000000002,sell,stop
2026-09-12T18:45:46,1036,946,6.339999999999998,sell,stop
2026-09-12T18:45:46,1036,946,13.56,sell,stop
2026-09-12T18:45:46,1036,946,11.100000000000003,sell,stop
2026-09-12T18:45:46,1036,945,4.089999999999996,sell,stop
2026-09-12T18:45:46,1036,945,24.39,sell,stop
2026-09-12T18:45:46,1036,945,8.54,sell,stop
2026-09-12T18:45:46,1040,945,4.320000000000007,sell,market
2026-09-12T18:45:46,1040,944,6.959999999999992,sell,market
2026-09-12T18:45:46,1040,944,8.74,sell,stop
2026-09-12T18:45:46,1044,949,18.72,buy,market
2026-09-12T18:45:46,1048,944,9.16,sell,market
2026-09-12T18:45:46,1056,944,7.91,sell,market
2026-09-12T18:45:46,1062,949,12.75,buy,market
2026-09-12T18:45:46,1064,944,11.88,sell,market
2026-09-12T18:45:46,1064,949,11.88,buy,stop
2026-09-12T18:45:46,1065,944,2.2200000000000006,sell,market
2026-09-12T18:45:46,1065,943,7.279999999999999,sell,market
2026-09-12T18:45:46,1065,943,18.72,sell,stop
2026-09-12T18:45:46,1068,943,14.3,sell,market
2026-09-12T18:45:46,1071,943,12.55,sell,market
2026-09-12T18:45:46,1071,942,0.7399999999999984,sell,market
2026-09-12T18:45:46,1071,942,12.75,sell,stop
2026-09-12T18:45:46,1073,942,12.220000000000002,sell,market
2026-09-12T18:45:46,1073,941,6.099999999999998,sell,market
2026-09-12T18:45:46,1075,941,7.12,sell,market
2026-09-12T18:45:46,1076,941,13.420000000000002,sell,market
2026-09-12T18:45:46,1076,940,7.209999999999997,sell,market
2026-09-12T18:45:46,1078,945,16.78,buy,market
2026-09-12T18:45:46,1078,940,16.78,sell,stop
2026-09-12T18:45:46,1079,940,13.59,sell,market
2026-09-12T18:45:46,1079,939,5.690000000000001,sell,market
2026-09-12T18:45:46,1079,944,19.28,buy,stop
2026-09-12T18:45:46,1082,939,8.96,sell,market
2026-09-12T18:45:46,1085,939,23.380000000000003,sell,market
2026-09-12T18:45:46,1085,938,5.869999999999997,sell,market
2026-09-12T18:45:46,1086,938,10.03,sell,market
2026-09-12T18:45:46,1091,943,18.46,buy,market
2026-09-12T18:45:46,1093,943,19.03,buy,market
2026-09-12T18:45:46,1093,944,0.33999999999999986,buy,market
2026-09-12T18:45:46,1094,939,7.64,sell,market
2026-09-12T18:45:46,1098,939,11.81,sell,market
2026-09-12T18:45:46,1100,939,10.92,sell,market
2026-09-12T18:45:46,1103,939,17.25,sell,market
2026-09-12T18:45:46,1119,939,17.03,sell,market
2026-09-12T18:45:46,1123,944,13.21,buy,market
2026-09-12T18:45:46,1123,939,12.29,sell,stop
2026-09-12T18:45:46,1123,938,0.9200000000000017,sell,stop
2026-09-12T18:45:46,1127,938,15.3,sell,market
2026-09-12T18:45:46,1129,938,16.02,sell,market
2026-09-12T18:45:46,1130,938,12.030000000000001,sell,market
2026-09-12T18:45:46,1130,937,5.529999999999998,sell,market
2026-09-12T18:45:46,1134,942,5.0,buy,market
2026-09-12T18:45:46,1140,937,9.78,sell,market
2026-09-12T18:45:46,1141,937,24.16,sell,market
2026-09-12T18:45:46,1142,937,12.73,sell,market
2026-09-12T18:45:46,1145,937,0.8500000000000014,sell,market
2026-09-12T18:45:46,1145,936,23.33,sell,market
2026-09-12T18:45:46,1146,941,15.93,buy,market
2026-09-12T18:45:46,1148,936,8.13,sell,market
2026-09-12T18:45:46,1149,936,27.979999999999997,sell,market
2026-09-12T18:45:46,1149,935,1.240000000000002,sell,market
2026-09-12T18:45:46,1149,935,18.46,sell,stop
2026-09-12T18:45:46,1149,935,9.079999999999998,sell,stop
2026-09-12T18:45:46,1149,934,10.290000000000003,sell,stop
2026-09-12T18:45:46,1149,934,5.0,sell,stop
2026-09-12T18:45:46,1154,939,8.39,buy,market
2026-09-12T18:45:46,1155,934,2.89,sell,market
2026-09-12T18:45:46,1158,934,16.06,sell,market
2026-09-12T18:45:46,1158,933,0.1700000000000017,sell,market
2026-09-12T18:45:46,1158,933,15.93,sell,stop
2026-09-12T18:45:46,1159,933,19.56,sell,market
2026-09-12T18:45:46,1161,933,14.919999999999998,sell,market
2026-09-12T18:45:46,1161,932,3.8900000000000006,sell,market
2026-09-12T18:45:46,1161,932,8.39,sell,stop
2026-09-12T18:45:46,1163,932,8.84,sell,market
2026-09-12T18:45:46,1166,932,4.45,sell,market
2026-09-12T18:45:46,1173,932,12.23,sell,market
2026-09-12T18:45:46,1174,932,12.23,sell,market
2026-09-12T18:45:46,1175,932,0.1599999999999966,sell,market
2026-09-12T18:45:46,1175,931,13.340000000000003,sell,market
2026-09-12T18:45:46,1176,931,15.49,sell,market
2026-09-12T18:45:46,1180,936,14.57,buy,market
2026-09-12T18:45:46,1184,931,17.59,sell,market
2026-09-12T18:45:46,1189,936,13.37,buy,market
2026-09-12T18:45:46,1195,936,6.72,buy,market
2026-09-12T18:45:46,1198,931,10.42,sell,market
2026-09-12T18:45:46,1198,936,10.42,buy,stop
2026-09-12T18:45:46,1205,931,18.48,sell,market
2026-09-12T18:45:46,1208,931,4.89,sell,market
2026-09-12T18:45:46,1212,931,14.15,sell,market
2026-09-12T18:45:46,1213,931,5.470000000000001,sell,market
2026-09-12T18:45:46,1213,930,5.34,sell,market
2026-09-12T18:45:46,1215,930,18.01,sell,market
2026-09-12T18:45:46,1215,935,18.01,buy,stop
2026-09-12T18:45:46,1217,930,22.7,sell,market
2026-09-12T18:45:46,1219,930,8.54,sell,market
2026-09-12T18:45:46,1219,929,8.560000000000002,sell,market
2026-09-12T18:45:46,1219,929,14.57,sell,stop
2026-09-12T18:45:46,1219,929,13.37,sell,stop
2026-09-12T18:45:46,1219,929,6.72,sell,stop
2026-09-12T18:45:46,1231,934,11.61,buy,market
2026-09-12T18:45:46,1235,934,16.71,buy,market
2026-09-12T18:45:46,1236,929,16.21,sell,market
2026-09-12T18:45:46,1242,929,21.74,sell,market
2026-09-12T18:45:46,1243,929,19.540000000000003,sell,market
2026-09-12T18:45:46,1243,928,0.5399999999999956,sell,market
2026-09-12T18:45:46,1249,933,7.57,buy,market
2026-09-12T18:45:46,1254,928,10.07,sell,market
2026-09-12T18:45:46,1255,933,6.3,buy,market
2026-09-12T18:45:46,1259,933,8.66,buy,market
2026-09-12T18:45:46,1263,928,6.19,sell,market
2026-09-12T18:45:46,1265,928,11.69,sell,market
2026-09-12T18:45:46,1265,933,11.69,buy,stop
2026-09-12T18:45:46,1267,933,9.7,buy,market
2026-09-12T18:45:46,1268,928,6.81,sell,market
2026-09-12T18:45:46,1277,928,27.48,sell,market
2026-09-12T18:45:46,1278,928,10.13,sell,market
2026-09-12T18:45:46,1279,928,11.859999999999998,sell,market
2026-09-12T18:45:46,1279,927,7.830000000000004,sell,market
2026-09-12T18:45:46,1279,927,16.71,sell,stop
2026-09-12T18:45:46,1280,932,19.19,buy,market
2026-09-12T18:45:46,1281,927,4.79,sell,market
2026-09-12T18:45:46,1285,932,14.91,buy,market
2026-09-12T18:45:46,1285,933,5.93,buy,market
2026-09-12T18:45:46,1286,928,11.16,sell,market
2026-09-12T18:45:46,1290,933,2.4899999999999984,buy,market
2026-09-12T18:45:46,1290,934,14.39,buy,market
2026-09-12T18:45:46,1290,934,6.19,buy,stop
2026-09-12T18:45:46,1291,934,20.46,buy,market
2026-09-12T18:45:46,1293,929,23.78,sell,market
2026-09-12T18:45:46,1296,929,16.01,sell,market
2026-09-12T18:45:46,1299,929,5.0099999999999945,sell,market
2026-09-12T18:45:46,1299,928,12.810000000000006,sell,market
2026-09-12T18:45:46,1299,928,14.399999999999991,sell,stop
2026-09-12T18:45:46,1299,927,2.4800000000000075,sell,stop
2026-09-12T18:45:46,1303,932,13.28,buy,market
2026-09-12T18:45:46,1305,927,14.83,sell,market
2026-09-12T18:45:46,1306,927,14.22,sell,market
2026-09-12T18:45:46,1309,927,16.43,sell,market
2026-09-12T18:45:46,1311,927,9.479999999999997,sell,market
2026-09-12T18:45:46,1311,926,3.730000000000004,sell,market
2026-09-12T18:45:46,1311,926,7.57,sell,stop
2026-09-12T18:45:46,1311,926,9.7,sell,stop
2026-09-12T18:45:46,1311,926,9.099999999999998,sell,stop
2026-09-12T18:45:46,1311,925,11.360000000000003,sell,stop
2026-09-12T18:45:46,1311,925,7.709999999999997,sell,stop
2026-09-12T18:45:46,1311,924,0.9500000000000028,sell,stop
2026-09-12T18:45:46,1311,924,11.61,sell,stop
2026-09-12T18:45:46,1311,924,20.84,sell,stop
2026-09-12T18:45:46,1312,924,8.73,sell,market
2026-09-12T18:45:46,1312,923,10.099999999999998,sell,market
2026-09-12T18:45:46,1313,928,20.99,buy,market
2026-09-12T18:45:46,1313,923,16.180000000000003,sell,stop
2026-09-12T18:45:46,1313,922,4.809999999999995,sell,stop
2026-09-12T18:45:46,1313,922,19.19,sell,stop
2026-09-12T18:45:46,1318,922,1.8700000000000045,sell,market
2026-09-12T18:45:46,1318,921,5.009999999999995,sell,market
2026-09-12T18:45:46,1319,926,17.82,buy,market
2026-09-12T18:45:46,1328,921,17.92,sell,market
2026-09-12T18:45:46,1331,921,22.81,sell,market
2026-09-12T18:45:46,1331,926,20.36,buy,stop
2026-09-12T18:45:46,1331,927,2.4499999999999993,buy,stop
2026-09-12T18:45:46,1333,922,13.77,sell,market
2026-09-12T18:45:46,1335,927,20.39,buy,market
2026-09-12T18:45:46,1338,922,13.08,sell,market
2026-09-12T18:45:46,1345,922,17.9,sell,market
2026-09-12T18:45:46,1347,927,11.010000000000002,buy,market
2026-09-12T18:45:46,1347,928,2.049999999999999,buy,market
2026-09-12T18:45:46,1347,928,6.88,buy,stop
2026-09-12T18:45:46,1347,928,11.84,buy,stop
2026-09-12T18:45:46,1347,929,6.059999999999999,buy,stop
2026-09-12T18:45:46,1347,929,18.83,buy,stop
2026-09-12T18:45:46,1348,924,16.96,sell,market
2026-09-12T18:45:46,1349,924,11.26,sell,market
2026-09-12T18:45:46,1360,924,17.759999999999998,sell,market
2026-09-12T18:45:46,1360,923,0.5200000000000031,sell,market
2026-09-12T18:45:46,1361,923,13.34,sell,market
2026-09-12T18:45:46,1361,928,13.34,buy,stop
2026-09-12T18:45:46,1369,923,8.11,sell,market
2026-09-12T18:45:46,1371,923,5.16,sell,market
2026-09-12T18:45:46,1375,923,15.18,sell,market
2026-09-12T18:45:46,1377,923,20.78,sell,market
2026-09-12T18:45:46,1381,923,3.530000000000001,sell,market
2026-09-12T18:45:46,1381,922,12.12,sell,market
2026-09-12T18:45:46,1384,922,10.93,sell,market
2026-09-12T18:45:46,1384,927,10.93,buy,stop
2026-09-12T18:45:46,1386,922,6.100000000000001,sell,market
2026-09-12T18:45:46,1386,921,4.529999999999999,sell,market
2026-09-12T18:45:46,1388,926,17.81,buy,market
2026-09-12T18:45:46,1390,926,16.85,buy,market
2026-09-12T18:45:46,1392,926,9.2,buy,market
2026-09-12T18:45:46,1392,927,6.5600000000000005,buy,market
2026-09-12T18:45:46,1393,922,15.75,sell,market
2026-09-12T18:45:46,1396,922,18.54,sell,market
2026-09-12T18:45:46,1396,927,18.54,buy,stop
2026-09-12T18:45:46,1398,922,12.21,sell,market
2026-09-12T18:45:46,1400,927,5.590000000000003,buy,market
2026-09-12T18:45:46,1400,928,2.609999999999996,buy,market
2026-09-12T18:45:46,1400,928,10.63,buy,stop
2026-09-12T18:45:46,1404,923,15.13,sell,market
2026-09-12T18:45:46,1406,928,22.02,buy,market
2026-09-12T18:45:46,1409,928,16.060000000000006,buy,market
2026-09-12T18:45:46,1409,929,2.2899999999999956,buy,market
2026-09-12T18:45:46,1409,929,15.75,buy,stop
2026-09-12T18:45:46,1409,929,12.21,buy,stop
2026-09-12T18:45:46,1412,929,19.89,buy,market
2026-09-12T18:45:46,1415,924,20.77,sell,market
2026-09-12T18:45:46,1421,929,9.600000000000001,buy,market
2026-09-12T18:45:46,1421,930,15.309999999999999,buy,market
2026-09-12T18:45:46,1421,930,13.77,buy,stop
2026-09-12T18:45:46,1421,930,6.0,buy,stop
2026-09-12T18:45:46,1421,931,7.08,buy,stop
2026-09-12T18:45:46,1421,931,17.92,buy,stop
2026-09-12T18:45:46,1421,931,11.26,buy,stop
2026-09-12T18:45:46,1421,931,2.209999999999999,buy,stop
2026-09-12T18:45:46,1421,932,12.920000000000002,buy,stop
2026-09-12T18:45:46,1421,932,12.489999999999998,buy,stop
2026-09-12T18:45:46,1421,933,4.470000000000002,buy,stop
2026-09-12T18:45:46,1421,933,18.28,buy,stop
2026-09-12T18:45:46,1421,933,8.11,buy,stop
2026-09-12T18:45:46,1421,933,14.099999999999994,buy,stop
2026-09-12T18:45:46,1421,934,1.0800000000000054,buy,stop
2026-09-12T18:45:46,1421,934,14.22,buy,stop
2026-09-12T18:45:46,1421,934,5.16,buy,stop
2026-09-12T18:45:46,1421,934,18.159999999999993,buy,stop
2026-09-12T18:45:46,1421,935,2.620000000000008,buy,stop
2026-09-12T18:45:46,1421,935,20.08,buy,stop
2026-09-12T18:45:46,1421,935,13.21,buy,stop
2026-09-12T18:45:46,1421,935,5.819999999999986,buy,stop
2026-09-12T18:45:46,1421,936,9.830000000000014,buy,stop
2026-09-12T18:45:46,1421,936,21.74,buy,stop
2026-09-12T18:45:46,1421,936,6.81,buy,stop
2026-09-12T18:45:46,1421,936,8.639999999999993,buy,stop
2026-09-12T18:45:46,1421,937,1.4900000000000073,buy,stop
2026-09-12T18:45:46,1421,937,19.69,buy,stop
2026-09-12T18:45:46,1421,937,4.79,buy,stop
2026-09-12T18:45:46,1421,937,16.01,buy,stop
2026-09-12T18:45:46,1421,937,15.439999999999994,buy,stop
2026-09-12T18:45:46,1421,938,0.9900000000000055,buy,stop
2026-09-12T18:45:46,1421,938,17.59,buy,stop
2026-09-12T18:45:46,1421,938,11.099999999999994,buy,stop
2026-09-12T18:45:46,1421,939,6.000000000000007,buy,stop
2026-09-12T18:45:46,1421,939,8.84,buy,stop
2026-09-12T18:45:46,1421,939,13.5,buy,stop
2026-09-12T18:45:46,1421,939,16.21,buy,stop
2026-09-12T18:45:46,1421,939,7.759999999999998,buy,stop
2026-09-12T18:45:46,1421,940,16.020000000000003,buy,stop
2026-09-12T18:45:46,1421,940,17.82,buy,stop
2026-09-12T18:45:46,1421,940,5.069999999999993,buy,stop
2026-09-12T18:45:46,1421,941,9.760000000000007,buy,stop
2026-09-12T18:45:46,1421,941,22.7,buy,stop
2026-09-12T18:45:46,1421,941,0.899999999999995,buy,stop
2026-09-12T18:45:46,1421,942,19.870000000000005,buy,stop
2026-09-12T18:45:46,1421,942,18.81,buy,stop
2026-09-12T18:45:46,1421,942,11.349999999999998,buy,stop
2026-09-12T18:45:46,1421,943,0.8800000000000026,buy,stop
2026-09-12T18:45:46,1421,943,12.23,buy,stop
2026-09-12T18:45:46,1430,938,18.04,sell,market
2026-09-12T18:45:46,1431,943,11.26,buy,market
2026-09-12T18:45:46,1432,938,16.99,sell,market
2026-09-12T18:45:46,1435,938,1.100000000000005,sell,market
2026-09-12T18:45:46,1435,937,11.429999999999994,sell,market
2026-09-12T18:45:46,1439,942,2.83,buy,market
2026-09-12T18:45:46,1440,937,7.39,sell,market
2026-09-12T18:45:46,1442,937,5.710000000000007,sell,market
2026-09-12T18:45:46,1442,936,7.689999999999993,sell,market
2026-09-12T18:45:46,1443,941,10.29,buy,market
2026-09-12T18:45:46,1446,941,12.45,buy,market
2026-09-12T18:45:46,1449,941,19.47,buy,market
2026-09-12T18:45:46,1450,941,4.320000000000004,buy,market
2026-09-12T18:45:46,1450,942,8.099999999999996,buy,market
2026-09-12T18:45:46,1451,937,19.41,sell,market
2026-09-12T18:45:46,1452,937,17.91,sell,market
2026-09-12T18:45:46,1455,937,9.11,sell,market
2026-09-12T18:45:46,1455,936,11.77,sell,market
2026-09-12T18:45:46,1455,941,20.88,buy,stop
2026-09-12T18:45:46,1461,936,8.93,sell,market
2026-09-12T18:45:46,1461,941,8.93,buy,stop
2026-09-12T18:45:46,1464,936,13.879999999999999,sell,market
2026-09-12T18:45:46,1464,935,6.66,sell,market
2026-09-12T18:45:46,1464,935,10.29,sell,stop
2026-09-12T18:45:46,1464,935,12.45,sell,stop
2026-09-12T18:45:46,1466,940,13.23,buy,market
2026-09-12T18:45:46,1470,940,17.63,buy,market
2026-09-12T18:45:46,1471,940,17.24,buy,market
2026-09-12T18:45:46,1471,935,11.300000000000008,sell,stop
2026-09-12T18:45:46,1471,934,5.939999999999991,sell,stop
2026-09-12T18:45:46,1471,934,11.26,sell,stop
2026-09-12T18:45:46,1471,934,19.47,sell,stop
2026-09-12T18:45:46,1471,934,12.42,sell,stop
2026-09-12T18:45:46,1471,934,0.4200000000000106,sell,stop
2026-09-12T18:45:46,1471,933,12.80999999999999,sell,stop
2026-09-12T18:45:46,1472,938,10.25,buy,market
2026-09-12T18:45:46,1472,933,10.25,sell,stop
2026-09-12T18:45:46,1474,933,18.89,sell,market
2026-09-12T18:45:46,1483,938,1.0,buy,market
2026-09-12T18:45:46,1487,938,10.120000000000001,buy,market
2026-09-12T18:45:46,1487,939,12.34,buy,market
2026-09-12T18:45:46,1487,934,22.46,sell,stop
2026-09-12T18:45:46,1488,934,11.81,sell,market
2026-09-12T18:45:46,1489,934,1.799999999999999,sell,market
2026-09-12T18:45:46,1489,933,2.150000000000013,sell,market
2026-09-12T18:45:46,1489,932,5.7899999999999885,sell,market
2026-09-12T18:45:46,1489,932,2.83,sell,stop
2026-09-12T18:45:46,1489,932,17.63,sell,stop
2026-09-12T18:45:46,1493,937,7.79,buy,market
2026-09-12T18:45:46,1494,937,15.33,buy,market
2026-09-12T18:45:46,1495,937,1.790000000000001,buy,market
2026-09-12T18:45:46,1495,938,15.74,buy,market
2026-09-12T18:45:46,1496,933,16.53,sell,market
2026-09-12T18:45:46,1496,938,16.53,buy,stop
2026-09-12T18:45:46,1498,938,14.57,buy,market
2026-09-12T18:45:46,1498,939,2.1000000000000014,buy,market
2026-09-12T18:45:46,1499,939,9.329999999999998,buy,market
2026-09-12T18:45:46,1499,940,8.589999999999996,buy,market
2026-09-12T18:45:46,1499,941,5.410000000000004,buy,market
2026-09-12T18:45:46,1499,941,18.89,buy,stop
2026-09-12T18:45:46,1502,936,16.88,sell,market
2026-09-12T18:45:46,1508,941,14.52,buy,market
2026-09-12T18:45:46,1511,941,1.2799999999999976,buy,market
2026-09-12T18:45:46,1511,942,14.010000000000002,buy,market
2026-09-12T18:45:46,1517,942,12.1,buy,market
2026-09-12T18:45:46,1522,942,7.75,buy,market
2026-09-12T18:45:46,1525,942,11.04,buy,market
2026-09-12T18:45:46,1525,943,5.48,buy,market
2026-09-12T18:45:46,1525,943,9.74,buy,stop
2026-09-12T18:45:46,1534,938,14.47,sell,market
2026-09-12T18:45:46,1536,943,19.09,buy,market
2026-09-12T18:45:46,1537,938,7.64,sell,market
2026-09-12T18:45:46,1540,938,10.27,sell,market
2026-09-12T18:45:46,1540,943,4.809999999999999,buy,stop
2026-09-12T18:45:46,1540,944,5.460000000000001,buy,stop
2026-09-12T18:45:46,1540,944,13.4,buy,stop
2026-09-12T18:45:46,1540,944,20.54,buy,stop
2026-09-12T18:45:46,1540,944,7.719999999999999,buy,stop
2026-09-12T18:45:46,1540,945,4.090000000000002,buy,stop
2026-09-12T18:45:46,1540,945,16.88,buy,stop
2026-09-12T18:45:46,1540,945,14.47,buy,stop
2026-09-12T18:45:46,1540,945,7.64,buy,stop
2026-09-12T18:45:46,1543,940,7.19,sell,market
2026-09-12T18:45:46,1548,940,19.8,sell,market
2026-09-12T18:45:46,1550,945,11.89,buy,market
2026-09-12T18:45:46,1550,940,11.89,sell,stop
2026-09-12T18:45:46,1552,945,12.13,buy,market
2026-09-12T18:45:46,1554,940,6.02,sell,market
2026-09-12T18:45:46,1554,939,1.5600000000000005,sell,market
2026-09-12T18:45:46,1557,939,9.76,sell,market
2026-09-12T18:45:46,1558,944,23.49,buy,market
2026-09-12T18:45:46,1562,944,7.75,buy,market
2026-09-12T18:45:46,1568,939,22.27,sell,market
2026-09-12T18:45:46,1568,944,4.41,buy,stop
2026-09-12T18:45:46,1568,945,17.86,buy,stop
2026-09-12T18:45:46,1571,940,17.55,sell,market
2026-09-12T18:45:46,1573,940,10.3,sell,market
2026-09-12T18:45:46,1576,940,0.7899999999999991,sell,market
2026-09-12T18:45:46,1576,939,16.490000000000002,sell,market
2026-09-12T18:45:46,1580,944,9.65,buy,market
2026-09-12T18:45:46,1581,944,22.03,buy,market
2026-09-12T18:45:46,1581,945,9.32,buy,market
2026-09-12T18:45:46,1582,940,2.54,sell,market
2026-09-12T18:45:46,1585,940,19.65,sell,market
2026-09-12T18:45:46,1587,945,14.58,buy,market
2026-09-12T18:45:46,1590,940,13.2,sell,market
2026-09-12T18:45:46,1591,945,14.99,buy,market
2026-09-12T18:45:46,1595,940,13.55,sell,market
2026-09-12T18:45:46,1595,939,1.6900000000000013,sell,market
2026-09-12T18:45:46,1595,938,9.599999999999998,sell,market
2026-09-12T18:45:46,1595,938,12.13,sell,stop
2026-09-12T18:45:46,1595,938,14.58,sell,stop
2026-09-12T18:45:46,1597,943,21.58,buy,market
2026-09-12T18:45:46,1607,938,10.78,sell,market
2026-09-12T18:45:46,1610,943,4.600000000000001,buy,market
2026-09-12T18:45:46,1610,944,13.139999999999997,buy,market
2026-09-12T18:45:46,1612,939,13.18,sell,market
2026-09-12T18:45:46,1616,944,6.77,buy,market
2026-09-12T18:45:46,1618,944,15.65,buy,market
2026-09-12T18:45:46,1618,939,15.65,sell,stop
2026-09-12T18:45:46,1619,939,6.6,sell,market
2026-09-12T18:45:46,1619,938,1.6000000000000014,sell,market
2026-09-12T18:45:46,1619,937,2.919999999999998,sell,market
2026-09-12T18:45:46,1619,937,9.65,sell,stop
2026-09-12T18:45:46,1619,937,6.77,sell,stop
2026-09-12T18:45:46,1621,942,14.37,buy,market
2026-09-12T18:45:46,1622,942,9.85,buy,market
2026-09-12T18:45:46,1624,937,11.860000000000003,sell,market
2026-09-12T18:45:46,1624,936,2.6599999999999966,sell,market
2026-09-12T18:45:46,1624,936,15.29,sell,stop
2026-09-12T18:45:46,1624,936,7.75,sell,stop
2026-09-12T18:45:46,1624,936,24.21,sell,stop
2026-09-12T18:45:46,1624,935,7.140000000000001,sell,stop
2026-09-12T18:45:46,1624,935,16.52,sell,stop
2026-09-12T18:45:46,1624,935,14.99,sell,stop
2026-09-12T18:45:46,1624,935,12.06,sell,stop
2026-09-12T18:45:46,1624,934,9.519999999999998,sell,stop
2026-09-12T18:45:46,1624,934,19.09,sell,stop
2026-09-12T18:45:46,1624,934,6.940000000000001,sell,stop
2026-09-12T18:45:46,1624,933,16.549999999999997,sell,stop
2026-09-12T18:45:46,1624,933,12.1,sell,stop
2026-09-12T18:45:46,1624,933,7.75,sell,stop
2026-09-12T18:45:46,1624,933,4.4200000000000035,sell,stop
2026-09-12T18:45:46,1624,932,13.319999999999995,sell,stop
2026-09-12T18:45:46,1624,932,11.300000000000006,sell,stop
2026-09-12T18:45:46,1624,931,3.069999999999993,sell,stop
2026-09-12T18:45:46,1624,931,17.53,sell,stop
2026-09-12T18:45:46,1624,931,9.85,sell,stop
2026-09-12T18:45:46,1628,936,10.81,buy,market
2026-09-12T18:45:46,1628,931,5.570000000000009,sell,stop
2026-09-12T18:45:46,1628,930,5.239999999999991,sell,stop
2026-09-12T18:45:46,1628,930,1.0,sell,stop
2026-09-12T18:45:46,1628,930,21.60000000000001,sell,stop
2026-09-12T18:45:46,1628,929,1.7299999999999898,sell,stop
2026-09-12T18:45:46,1628,929,16.67,sell,stop
2026-09-12T18:45:46,1628,929,14.52,sell,stop
2026-09-12T18:45:46,1629,929,3.4600000000000115,sell,market
2026-09-12T18:45:46,1629,928,15.699999999999989,sell,market
2026-09-12T18:45:46,1629,928,15.33,sell,stop
2026-09-12T18:45:46,1633,933,12.58,buy,market
2026-09-12T18:45:46,1635,933,18.1,buy,market
2026-09-12T18:45:46,1635,934,6.139999999999997,buy,market
2026-09-12T18:45:46,1636,934,7.47,buy,market
2026-09-12T18:45:46,1638,934,16.99,buy,market
2026-09-12T18:45:46,1639,934,9.600000000000001,buy,market
2026-09-12T18:45:46,1639,935,4.789999999999999,buy,market
2026-09-12T18:45:46,1643,935,10.64,buy,market
2026-09-12T18:45:46,1648,930,20.82,sell,market
2026-09-12T18:45:46,1649,930,6.07,sell,market
2026-09-12T18:45:46,1649,929,7.6899999999999995,sell,market
2026-09-12T18:45:46,1650,934,23.44,buy,market
2026-09-12T18:45:46,1658,934,17.45,buy,market
2026-09-12T18:45:46,1665,934,3.979999999999997,buy,market
2026-09-12T18:45:46,1665,935,17.540000000000003,buy,market
2026-09-12T18:45:46,1668,930,14.58,sell,market
2026-09-12T18:45:46,1672,930,25.49,sell,market
2026-09-12T18:45:46,1679,935,16.26,buy,market
2026-09-12T18:45:46,1680,935,6.729999999999997,buy,market
2026-09-12T18:45:46,1680,936,25.85,buy,market
2026-09-12T18:45:46,1686,931,12.74,sell,market
2026-09-12T18:45:46,1687,936,15.129999999999995,buy,market
2026-09-12T18:45:46,1687,937,0.03000000000000469,buy,market
2026-09-12T18:45:46,1687,937,19.16,buy,stop
2026-09-12T18:45:46,1687,937,6.609999999999996,buy,stop
2026-09-12T18:45:46,1687,938,7.150000000000004,buy,stop
2026-09-12T18:45:46,1687,938,12.74,buy,stop
2026-09-12T18:45:46,1690,938,10.969999999999994,buy,market
2026-09-12T18:45:46,1690,939,4.650000000000006,buy,market
2026-09-12T18:45:46,1690,939,25.49,buy,stop
2026-09-12T18:45:46,1692,939,12.16,buy,market
2026-09-12T18:45:46,1699,939,17.71,buy,market
2026-09-12T18:45:46,1702,934,14.42,sell,market
2026-09-12T18:45:46,1702,939,14.42,buy,stop
2026-09-12T18:45:46,1710,939,9.34,buy,market
2026-09-12T18:45:46,1710,934,9.34,sell,stop
2026-09-12T18:45:46,1712,934,14.29,sell,market
2026-09-12T18:45:46,1716,939,14.77,buy,market
2026-09-12T18:45:46,1719,939,17.1,buy,market
2026-09-12T18:45:46,1720,939,17.75,buy,market
2026-09-12T18:45:46,1724,934,4.73,sell,market
2026-09-12T18:45:46,1724,933,6.17,sell,market
2026-09-12T18:45:46,1724,933,14.77,sell,stop
2026-09-12T18:45:46,1727,933,18.23,sell,market
2026-09-12T18:45:46,1727,932,2.8299999999999983,sell,market
2026-09-12T18:45:46,1727,932,12.16,sell,stop
2026-09-12T18:45:46,1727,932,17.71,sell,stop
2026-09-12T18:45:46,1735,937,20.34,buy,market
2026-09-12T18:45:46,1743,937,16.46,buy,market
2026-09-12T18:45:46,1749,932,14.7,sell,market
2026-09-12T18:45:46,1751,937,6.12,buy,market
2026-09-12T18:45:46,1751,932,6.12,sell,stop
2026-09-12T18:45:46,1773,937,18.55,buy,market
2026-09-12T18:45:46,1775,932,15.7,sell,market
2026-09-12T18:45:46,1776,937,19.929999999999996,buy,market
2026-09-12T18:45:46,1776,938,0.3400000000000034,buy,market
2026-09-12T18:45:46,1776,938,15.7,buy,stop
2026-09-12T18:45:46,1779,933,11.64,sell,market
2026-09-12T18:45:46,1783,938,10.19,buy,market
2026-09-12T18:45:46,1787,933,13.87,sell,market
2026-09-12T18:45:46,1797,933,14.65,sell,market
2026-09-12T18:45:46,1798,933,1.0,sell,market
2026-09-12T18:45:46,1802,938,15.3,buy,market
2026-09-12T18:45:46,1802,933,15.3,sell,stop
2026-09-12T18:45:46,1803,938,0.9199999999999982,buy,market
2026-09-12T18:45:46,1803,939,17.78,buy,market
2026-09-12T18:45:46,1803,939,14.7,buy,stop
2026-09-12T18:45:46,1803,939,1.0,buy,stop
2026-09-12T18:45:46,1806,939,8.419999999999998,buy,market
2026-09-12T18:45:46,1806,940,4.250000000000002,buy,market
2026-09-12T18:45:46,1806,940,20.82,buy,stop
2026-09-12T18:45:46,1806,940,10.9,buy,stop
2026-09-12T18:45:46,1810,940,6.969999999999997,buy,market
2026-09-12T18:45:46,1810,941,9.290000000000004,buy,market
2026-09-12T18:45:46,1810,941,14.58,buy,stop
2026-09-12T18:45:46,1810,941,11.64,buy,stop
2026-09-12T18:45:46,1810,941,11.199999999999996,buy,stop
2026-09-12T18:45:46,1810,942,2.6700000000000035,buy,stop
2026-09-12T18:45:46,1810,942,14.65,buy,stop
2026-09-12T18:45:46,1811,937,16.68,sell,market
2026-09-12T18:45:46,1817,937,12.41,sell,market
2026-09-12T18:45:46,1817,936,7.940000000000001,sell,market
2026-09-12T18:45:46,1818,936,17.29,sell,market
2026-09-12T18:45:46,1821,941,14.66,buy,market
2026-09-12T18:45:46,1824,941,16.16,buy,market
2026-09-12T18:45:46,1827,936,8.19,sell,market
2026-09-12T18:45:46,1830,936,14.27,sell,market
2026-09-12T18:45:46,1832,941,12.060000000000002,buy,market
2026-09-12T18:45:46,1832,942,4.309999999999999,buy,market
2026-09-12T18:45:46,1833,937,16.09,sell,market
2026-09-12T18:45:46,1834,942,26.97,buy,market
2026-09-12T18:45:46,1841,942,22.58,buy,market
2026-09-12T18:45:46,1843,942,13.24,buy,market
2026-09-12T18:45:46,1844,937,8.05,sell,market
2026-09-12T18:45:46,1845,942,7.6700000000000035,buy,market
2026-09-12T18:45:46,1845,943,9.239999999999997,buy,market
2026-09-12T18:45:46,1845,943,21.06,buy,stop
2026-09-12T18:45:46,1845,943,17.29,buy,stop
2026-09-12T18:45:46,1845,943,0.1300000000000061,buy,stop
2026-09-12T18:45:46,1845,944,8.059999999999993,buy,stop
2026-09-12T18:45:46,1845,944,14.27,buy,stop
2026-09-12T18:45:46,1847,939,16.62,sell,market
2026-09-12T18:45:46,1848,939,11.06,sell,market
2026-09-12T18:45:46,1851,944,19.28,buy,market
2026-09-12T18:45:46,1854,939,21.929999999999993,sell,market
2026-09-12T18:45:46,1854,938,0.3800000000000061,sell,market
2026-09-12T18:45:46,1860,943,17.96,buy,market
2026-09-12T18:45:46,1864,938,21.92,sell,market
2026-09-12T18:45:46,1865,943,12.53,buy,market
2026-09-12T18:45:46,1867,943,9.4,buy,market
2026-09-12T18:45:46,1868,943,10.950000000000001,buy,market
2026-09-12T18:45:46,1868,944,2.9499999999999993,buy,market
2026-09-12T18:45:46,1872,939,6.83,sell,market
2026-09-12T18:45:46,1876,939,22.67,sell,market
2026-09-12T18:45:46,1877,944,10.71,buy,market
2026-09-12T18:45:46,1877,939,6.5,sell,stop
2026-09-12T18:45:46,1877,938,4.210000000000001,sell,stop
2026-09-12T18:45:46,1880,938,5.639999999999997,sell,market
2026-09-12T18:45:46,1880,937,8.050000000000002,sell,market
2026-09-12T18:45:46,1880,937,19.28,sell,stop
2026-09-12T18:45:46,1880,937,9.069999999999993,sell,stop
2026-09-12T18:45:46,1880,936,8.890000000000008,sell,stop
2026-09-12T18:45:46,1880,936,26.97,sell,stop
2026-09-12T18:45:46,1880,936,6.329999999999991,sell,stop
2026-09-12T18:45:46,1880,935,6.200000000000008,sell,stop
2026-09-12T18:45:46,1880,935,20.58999999999999,sell,stop
2026-09-12T18:45:46,1880,934,1.990000000000009,sell,stop
2026-09-12T18:45:46,1880,934,16.26,sell,stop
2026-09-12T18:45:46,1880,934,16.91,sell,stop
2026-09-12T18:45:46,1880,934,9.4,sell,stop
2026-09-12T18:45:46,1880,934,0.5799999999999894,sell,stop
2026-09-12T18:45:46,1880,933,13.320000000000011,sell,stop
2026-09-12T18:45:46,1880,933,14.66,sell,stop
2026-09-12T18:45:46,1880,933,0.7399999999999878,sell,stop
2026-09-12T18:45:46,1880,932,12.500000000000012,sell,stop
2026-09-12T18:45:46,1880,932,12.67,sell,stop
2026-09-12T18:45:46,1880,932,12.709999999999988,sell,stop
2026-09-12T18:45:46,1880,931,3.4500000000000117,sell,stop
2026-09-12T18:45:46,1880,931,16.37,sell,stop
2026-09-12T18:45:46,1881,936,6.48,buy,market
2026-09-12T18:45:46,1882,936,13.7,buy,market
2026-09-12T18:45:46,1884,931,13.119999999999987,sell,market
2026-09-12T18:45:46,1884,930,6.010000000000012,sell,market
2026-09-12T18:45:46,1884,930,15.62,sell,stop
2026-09-12T18:45:46,1884,930,17.1,sell,stop
2026-09-12T18:45:46,1884,930,10.249999999999986,sell,stop
2026-09-12T18:45:46,1884,929,7.500000000000014,sell,stop
2026-09-12T18:45:46,1884,929,20.27,sell,stop
2026-09-12T18:45:46,1884,929,0.13999999999998636,sell,stop
2026-09-12T18:45:46,1884,928,10.050000000000013,sell,stop
2026-09-12T18:45:46,1884,928,7.47,sell,stop
2026-09-12T18:45:46,1884,928,17.44999999999999,sell,stop
2026-09-12T18:45:46,1884,927,4.070000000000011,sell,stop
2026-09-12T18:45:46,1884,927,16.26,sell,stop
2026-09-12T18:45:46,1884,927,16.46,sell,stop
2026-09-12T18:45:46,1884,927,18.55,sell,stop
2026-09-12T18:45:46,1884,927,6.48,sell,stop
2026-09-12T18:45:46,1886,932,20.34,buy,market
2026-09-12T18:45:46,1887,932,19.43,buy,market
2026-09-12T18:45:46,1889,932,2.7300000000000004,buy,market
2026-09-12T18:45:46,1889,933,17.54,buy,market
2026-09-12T18:45:46,1893,933,13.55,buy,market
2026-09-12T18:45:46,1898,928,18.87,sell,market
2026-09-12T18:45:46,1900,933,19.36,buy,market
2026-09-12T18:45:46,1902,933,26.12,buy,market
2026-09-12T18:45:46,1906,933,9.179999999999996,buy,market
2026-09-12T18:45:46,1906,934,11.810000000000002,buy,market
2026-09-12T18:45:46,1908,934,13.13,buy,market
2026-09-12T18:45:46,1909,934,7.96,buy,market
2026-09-12T18:45:46,1922,934,0.9199999999999973,buy,market
2026-09-12T18:45:46,1922,935,8.720000000000002,buy,market
2026-09-12T18:45:46,1923,935,10.94,buy,market
2026-09-12T18:45:46,1926,930,18.61,sell,market
2026-09-12T18:45:46,1927,935,21.15,buy,market
2026-09-12T18:45:46,1932,935,27.89,buy,market
2026-09-12T18:45:46,1937,930,19.57,sell,market
2026-09-12T18:45:46,1937,935,18.450000000000003,buy,stop
2026-09-12T18:45:46,1937,936,1.1199999999999974,buy,stop
2026-09-12T18:45:46,1941,936,16.69,buy,market
2026-09-12T18:45:46,1946,936,14.5,buy,market
2026-09-12T18:45:46,1947,936,0.4600000000000044,buy,market
2026-09-12T18:45:46,1947,937,13.929999999999996,buy,market
2026-09-12T18:45:46,1947,937,19.13,buy,stop
2026-09-12T18:45:46,1947,937,13.650000000000002,buy,stop
2026-09-12T18:45:46,1947,938,4.959999999999997,buy,stop
2026-09-12T18:45:46,1947,938,18.87,buy,stop
2026-09-12T18:45:46,1949,938,15.04,buy,market
2026-09-12T18:45:46,1951,933,25.1,sell,market
2026-09-12T18:45:46,1953,938,6.580000000000009,buy,market
2026-09-12T18:45:46,1953,939,9.649999999999991,buy,market
2026-09-12T18:45:46,1954,939,7.11,buy,market
2026-09-12T18:45:46,1959,939,0.5800000000000081,buy,market
2026-09-12T18:45:46,1959,940,11.329999999999991,buy,market
2026-09-12T18:45:46,1959,935,11.91,sell,stop
2026-09-12T18:45:46,1960,940,12.01,buy,market
2026-09-12T18:45:46,1966,935,12.05,sell,market
2026-09-12T18:45:46,1975,940,18.35,buy,market
2026-09-12T18:45:46,1983,935,15.5,sell,market
2026-09-12T18:45:46,1983,934,2.25,sell,market
2026-09-12T18:45:46,1990,934,13.67,sell,market
2026-09-12T18:45:46,2000,934,13.73,sell,market
2026-09-12T18:45:46,2001,934,7.93,sell,market
2026-09-12T18:45:46,2001,939,7.93,buy,stop
2026-09-12T18:45:46,2002,934,12.81,sell,market
2026-09-12T18:45:46,2006,934,1.2400000000000002,sell,market
2026-09-12T18:45:46,2006,933,12.379999999999999,sell,market
2026-09-12T18:45:46,2006,933,18.35,sell,stop
2026-09-12T18:45:46,2007,933,16.5,sell,market
2026-09-12T18:45:46,2010,938,21.4,buy,market
2026-09-12T18:45:46,2022,933,8.830000000000005,sell,market
2026-09-12T18:45:46,2022,932,5.8399999999999945,sell,market
2026-09-12T18:45:46,2022,932,12.250000000000005,sell,stop
2026-09-12T18:45:46,2022,931,3.979999999999995,sell,stop
2026-09-12T18:45:46,2022,931,12.01,sell,stop
2026-09-12T18:45:46,2022,931,17.370000000000005,sell,stop
2026-09-12T18:45:46,2022,930,4.029999999999994,sell,stop
2026-09-12T18:45:46,2022,930,7.11,sell,stop
2026-09-12T18:45:46,2026,930,26.08,sell,market
2026-09-12T18:45:46,2028,930,0.11000000000000654,sell,market
2026-09-12T18:45:46,2028,929,15.699999999999994,sell,market
2026-09-12T18:45:46,2028,929,21.15,sell,stop
2026-09-12T18:45:46,2028,929,2.920000000000009,sell,stop
2026-09-12T18:45:46,2028,928,24.96999999999999,sell,stop
2026-09-12T18:45:46,2028,928,14.5,sell,stop
2026-09-12T18:45:46,2028,928,9.540000000000006,sell,stop
2026-09-12T18:45:46,2028,927,4.849999999999994,sell,stop
2026-09-12T18:45:46,2028,927,13.13,sell,stop
2026-09-12T18:45:46,2038,927,21.76,sell,market
2026-09-12T18:45:46,2039,932,13.05,buy,market
2026-09-12T18:45:46,2044,927,10.030000000000005,sell,market
2026-09-12T18:45:46,2044,926,0.31999999999999496,sell,market
2026-09-12T18:45:46,2044,926,14.39,sell,stop
2026-09-12T18:45:46,2044,926,10.64,sell,stop
2026-09-12T18:45:46,2044,926,18.250000000000007,sell,stop
2026-09-12T18:45:46,2044,925,5.189999999999994,sell,stop
2026-09-12T18:45:46,2044,925,20.34,sell,stop
2026-09-12T18:45:46,2044,925,13.7,sell,stop
2026-09-12T18:45:46,2044,925,11.520000000000003,sell,stop
2026-09-12T18:45:46,2044,924,7.909999999999997,sell,stop
2026-09-12T18:45:46,2044,924,15.16,sell,stop
2026-09-12T18:45:46,2044,924,20.27,sell,stop
2026-09-12T18:45:46,2044,924,4.140000000000001,sell,stop
2026-09-12T18:45:46,2044,923,15.219999999999999,sell,stop
2026-09-12T18:45:46,2044,923,12.58,sell,stop
2026-09-12T18:45:46,2044,923,11.330000000000004,sell,stop
2026-09-12T18:45:46,2044,922,6.119999999999996,sell,stop
2026-09-12T18:45:46,2044,922,16.99,sell,stop
2026-09-12T18:45:46,2044,922,13.370000000000001,sell,stop
2026-09-12T18:45:46,2044,921,6.969999999999999,sell,stop
2026-09-12T18:45:46,2044,921,13.55,sell,stop
2026-09-12T18:45:46,2044,921,26.12,sell,stop
2026-09-12T18:45:46,2044,921,7.690000000000001,sell,stop
2026-09-12T18:45:46,2044,920,13.299999999999997,sell,stop
2026-09-12T18:45:46,2044,920,7.96,sell,stop
2026-09-12T18:45:46,2044,920,9.64,sell,stop
2026-09-12T18:45:46,2044,920,4.590000000000003,sell,stop
2026-09-12T18:45:46,2044,919,12.099999999999998,sell,stop
2026-09-12T18:45:46,2044,919,15.04,sell,stop
2026-09-12T18:45:46,2044,919,13.05,sell,stop
2026-09-12T18:45:46,2045,919,11.8,sell,market
2026-09-12T18:45:46,2051,924,12.87,buy,market
2026-09-12T18:45:46,2054,924,16.83,buy,market
2026-09-12T18:45:46,2058,924,7.090000000000003,buy,market
2026-09-12T18:45:46,2058,925,2.6599999999999966,buy,market
2026-09-12T18:45:46,2066,920,10.59,sell,market
2026-09-12T18:45:46,2069,920,12.37,sell,market
2026-09-12T18:45:46,2070,925,13.32,buy,market
2026-09-12T18:45:46,2071,920,4.140000000000002,sell,market
2026-09-12T18:45:46,2071,919,11.829999999999998,sell,market
2026-09-12T18:45:46,2075,919,6.67,sell,market
2026-09-12T18:45:46,2077,924,23.98,buy,market
2026-09-12T18:45:46,2086,924,21.86,buy,market
2026-09-12T18:45:46,2087,924,3.85,buy,market
2026-09-12T18:45:46,2088,919,17.52,sell,market
2026-09-12T18:45:46,2090,919,12.45,sell,market
2026-09-12T18:45:46,2090,918,1.6600000000000001,sell,market
2026-09-12T18:45:46,2090,918,21.86,sell,stop
2026-09-12T18:45:46,2104,918,1.0,sell,market
2026-09-12T18:45:46,2104,923,1.0,buy,stop
2026-09-12T18:45:46,2112,918,5.55,sell,market
2026-09-12T18:45:46,2113,923,6.2,buy,market
2026-09-12T18:45:46,2123,918,13.89,sell,market
2026-09-12T18:45:46,2125,923,8.39,buy,market
2026-09-12T18:45:46,2128,918,15.96,sell,market
2026-09-12T18:45:46,2130,918,10.490000000000002,sell,market
2026-09-12T18:45:46,2130,917,2.089999999999998,sell,market
2026-09-12T18:45:46,2130,917,13.32,sell,stop
2026-09-12T18:45:46,2130,917,3.85,sell,stop
2026-09-12T18:45:46,2130,917,6.2,sell,stop
2026-09-12T18:45:46,2132,922,7.28,buy,market
2026-09-12T18:45:46,2132,917,7.28,sell,stop
2026-09-12T18:45:46,2144,917,1.7500000000000044,sell,market
2026-09-12T18:45:46,2144,916,10.049999999999997,sell,market
2026-09-12T18:45:46,2146,921,9.87,buy,market
2026-09-12T18:45:46,2148,916,17.4,sell,market
2026-09-12T18:45:46,2149,921,18.25,buy,market
2026-09-12T18:45:46,2150,916,13.940000000000005,sell,market
2026-09-12T18:45:46,2150,915,0.7099999999999955,sell,market
2026-09-12T18:45:46,2150,915,8.39,sell,stop
2026-09-12T18:45:46,2159,920,13.94,buy,market
2026-09-12T18:45:46,2159,915,13.94,sell,stop
2026-09-12T18:45:46,2162,920,19.4,buy,market
2026-09-12T18:45:46,2162,915,19.4,sell,stop
2026-09-12T18:45:46,2163,920,15.160000000000004,buy,market
2026-09-12T18:45:46,2163,921,1.8499999999999979,buy,market
2026-09-12T18:45:46,2163,921,14.65,buy,stop
2026-09-12T18:45:46,2164,921,8.44,buy,market
2026-09-12T18:45:46,2170,916,8.8,sell,market
2026-09-12T18:45:46,2175,916,4.03,sell,market
2026-09-12T18:45:46,2178,921,18.29,buy,market
2026-09-12T18:45:46,2184,916,23.669999999999998,sell,market
2026-09-12T18:45:46,2184,915,0.10000000000000142,sell,market
2026-09-12T18:45:46,2184,915,1.230000000000004,sell,stop
2026-09-12T18:45:46,2184,914,15.779999999999998,sell,stop
2026-09-12T18:45:46,2184,914,9.75,sell,stop
2026-09-12T18:45:46,2184,914,8.44,sell,stop
2026-09-12T18:45:46,2185,914,13.859999999999998,sell,market
2026-09-12T18:45:46,2185,913,0.07000000000000206,sell,market
2026-09-12T18:45:46,2185,913,12.87,sell,stop
2026-09-12T18:45:46,2185,913,16.83,sell,stop
2026-09-12T18:45:46,2188,913,16.15,sell,market
2026-09-12T18:45:46,2194,918,19.94,buy,market
2026-09-12T18:45:46,2197,913,4.220000000000006,sell,market
2026-09-12T18:45:46,2197,912,8.819999999999993,sell,market
2026-09-12T18:45:46,2197,912,23.98,sell,stop
2026-09-12T18:45:46,2197,912,7.840000000000007,sell,stop
2026-09-12T18:45:46,2197,911,2.0299999999999923,sell,stop
2026-09-12T18:45:46,2197,911,18.25,sell,stop
2026-09-12T18:45:46,2197,911,17.870000000000005,sell,stop
2026-09-12T18:45:46,2197,910,0.4199999999999946,sell,stop
2026-09-12T18:45:46,2204,910,7.85,sell,market
2026-09-12T18:45:46,2205,910,19.12,sell,market
2026-09-12T18:45:46,2207,915,18.18,buy,market
2026-09-12T18:45:46,2210,915,15.91,buy,market
2026-09-12T18:45:46,2213,915,10.739999999999998,buy,market
2026-09-12T18:45:46,2213,916,2.2500000000000018,buy,market
2026-09-12T18:45:46,2213,911,12.99,sell,stop
2026-09-12T18:45:46,2215,916,12.59,buy,market
2026-09-12T18:45:46,2216,911,11.12,sell,market
2026-09-12T18:45:46,2216,916,11.12,buy,stop
2026-09-12T18:45:46,2218,916,9.15,buy,market
2026-09-12T18:45:46,2219,911,15.83,sell,market
2026-09-12T18:45:46,2220,916,11.219999999999997,buy,market
2026-09-12T18:45:46,2220,917,0.690000000000003,buy,market
2026-09-12T18:45:46,2220,917,13.04,buy,stop
2026-09-12T18:45:46,2220,917,19.12,buy,stop
2026-09-12T18:45:46,2222,917,11.179999999999996,buy,market
2026-09-12T18:45:46,2222,918,7.170000000000005,buy,market
2026-09-12T18:45:46,2222,918,3.949999999999992,buy,stop
2026-09-12T18:45:46,2222,919,3.9000000000000075,buy,stop
2026-09-12T18:45:46,2222,919,15.83,buy,stop
2026-09-12T18:45:46,2227,914,13.81,sell,market
2026-09-12T18:45:46,2230,914,6.88,sell,market
2026-09-12T18:45:46,2233,919,13.26,buy,market
2026-09-12T18:45:46,2234,919,10.63,buy,market
2026-09-12T18:45:46,2238,914,12.71,sell,market
2026-09-12T18:45:46,2242,914,19.62,sell,market
2026-09-12T18:45:46,2245,919,14.539999999999994,buy,market
2026-09-12T18:45:46,2245,920,5.380000000000008,buy,market
2026-09-12T18:45:46,2253,920,13.38,buy,market
2026-09-12T18:45:46,2259,920,16.04,buy,market
2026-09-12T18:45:46,2262,915,16.86,sell,market
2026-09-12T18:45:46,2265,920,8.68,buy,market
2026-09-12T18:45:46,2266,920,15.899999999999999,buy,market
2026-09-12T18:45:46,2266,921,2.900000000000002,buy,market
2026-09-12T18:45:46,2266,921,6.88,buy,stop
2026-09-12T18:45:46,2270,921,20.11,buy,market
2026-09-12T18:45:46,2275,921,6.46,buy,market
2026-09-12T18:45:46,2276,916,19.99,sell,market
2026-09-12T18:45:46,2277,916,8.66,sell,market
2026-09-12T18:45:46,2277,915,6.8100000000000005,sell,market
2026-09-12T18:45:46,2277,915,18.199999999999996,sell,stop
2026-09-12T18:45:46,2277,914,0.600000000000005,sell,stop
2026-09-12T18:45:46,2277,914,15.029999999999994,sell,stop
2026-09-12T18:45:46,2277,913,5.080000000000005,sell,stop
2026-09-12T18:45:46,2277,913,6.46,sell,stop
2026-09-12T18:45:46,2278,918,14.2,buy,market
2026-09-12T18:45:46,2279,913,11.16,sell,market
2026-09-12T18:45:46,2280,918,17.34,buy,market
2026-09-12T18:45:46,2284,913,11.109999999999996,sell,market
2026-09-12T18:45:46,2284,912,0.6300000000000043,sell,market
2026-09-12T18:45:46,2284,912,13.26,sell,stop
2026-09-12T18:45:46,2284,912,16.04,sell,stop
2026-09-12T18:45:46,2286,912,16.009999999999998,sell,market
2026-09-12T18:45:46,2286,911,2.6400000000000006,sell,market
2026-09-12T18:45:46,2286,911,18.35,sell,stop
2026-09-12T18:45:46,2286,911,10.209999999999997,sell,stop
2026-09-12T18:45:46,2286,910,3.1700000000000035,sell,stop
2026-09-12T18:45:46,2286,910,10.63,sell,stop
2026-09-12T18:45:46,2286,910,14.87,sell,stop
2026-09-12T18:45:46,2286,909,5.0500000000000025,sell,stop
2026-09-12T18:45:46,2286,909,19.94,sell,stop
2026-09-12T18:45:46,2286,909,18.18,sell,stop
2026-09-12T18:45:46,2286,909,8.68,sell,stop
2026-09-12T18:45:46,2286,909,2.139999999999997,sell,stop
2026-09-12T18:45:46,2286,908,12.060000000000002,sell,stop
2026-09-12T18:45:46,2286,908,11.91,sell,stop
2026-09-12T18:45:46,2286,908,17.34,sell,stop
2026-09-12T18:45:46,2288,913,14.52,buy,market
2026-09-12T18:45:46,2289,913,10.06,buy,market
2026-09-12T18:45:46,2293,913,15.99,buy,market
2026-09-12T18:45:46,2296,913,0.9200000000000035,buy,market
2026-09-12T18:45:46,2296,914,15.369999999999996,buy,market
2026-09-12T18:45:46,2300,914,20.92,buy,market
2026-09-12T18:45:46,2304,909,21.38,sell,market
2026-09-12T18:45:46,2308,914,9.96,buy,market
2026-09-12T18:45:46,2309,909,14.3,sell,market
2026-09-12T18:45:46,2310,914,8.37,buy,market
2026-09-12T18:45:46,2311,909,1.2800000000000011,sell,market
2026-09-12T18:45:46,2311,908,9.729999999999999,sell,market
2026-09-12T18:45:46,2313,913,13.85,buy,market
2026-09-12T18:45:46,2318,913,17.07,buy,market
2026-09-12T18:45:46,2318,914,2.039999999999999,buy,market
2026-09-12T18:45:46,2321,909,12.84,sell,market
2026-09-12T18:45:46,2321,914,12.84,buy,stop
2026-09-12T18:45:46,2322,909,11.52,sell,market
2026-09-12T18:45:46,2326,909,2.48,sell,market
2026-09-12T18:45:46,2328,914,0.2699999999999978,buy,market
2026-09-12T18:45:46,2328,915,10.010000000000002,buy,market
2026-09-12T18:45:46,2328,915,14.3,buy,stop
2026-09-12T18:45:46,2331,915,1.5399999999999991,buy,market
2026-09-12T18:45:46,2331,916,19.57,buy,market
2026-09-12T18:45:46,2331,916,11.52,buy,stop
2026-09-12T18:45:46,2334,916,9.42,buy,market
2026-09-12T18:45:46,2334,911,9.42,sell,stop
2026-09-12T18:45:46,2335,911,24.42,sell,market
2026-09-12T18:45:46,2337,911,11.089999999999996,sell,market
2026-09-12T18:45:46,2337,910,10.810000000000002,sell,market
2026-09-12T18:45:46,2339,915,21.3,buy,market
2026-09-12T18:45:46,2342,915,15.73,buy,market
2026-09-12T18:45:46,2345,910,13.929999999999996,sell,market
2026-09-12T18:45:46,2345,909,3.320000000000004,sell,market
2026-09-12T18:45:46,2345,909,15.73,sell,stop
2026-09-12T18:45:46,2347,909,12.469999999999995,sell,market
2026-09-12T18:45:46,2347,908,2.1700000000000053,sell,market
2026-09-12T18:45:46,2347,908,7.899999999999997,sell,stop
2026-09-12T18:45:46,2347,907,13.210000000000003,sell,stop
2026-09-12T18:45:46,2347,907,9.15,sell,stop
2026-09-12T18:45:46,2347,907,8.37,sell,stop
2026-09-12T18:45:46,2349,907,2.09,sell,market
2026-09-12T18:45:46,2349,906,11.65,sell,market
2026-09-12T18:45:46,2349,906,15.91,sell,stop
2026-09-12T18:45:46,2349,906,10.28,sell,stop
2026-09-12T18:45:46,2352,906,1.8100000000000005,sell,market
2026-09-12T18:45:46,2352,905,10.219999999999999,sell,market
2026-09-12T18:45:46,2352,905,11.620000000000001,sell,stop
2026-09-12T18:45:46,2352,904,0.9699999999999989,sell,stop
2026-09-12T18:45:46,2352,904,15.99,sell,stop
2026-09-12T18:45:46,2352,904,16.29,sell,stop
2026-09-12T18:45:46,2352,904,4.049999999999997,sell,stop
2026-09-12T18:45:46,2352,903,16.870000000000005,sell,stop
2026-09-12T18:45:46,2352,903,9.96,sell,stop
2026-09-12T18:45:46,2352,903,13.85,sell,stop
2026-09-12T18:45:46,2352,903,0.009999999999992681,sell,stop
2026-09-12T18:45:46,2352,902,19.10000000000001,sell,stop
2026-09-12T18:45:46,2352,902,10.06,sell,stop
2026-09-12T18:45:46,2352,902,2.7899999999999903,sell,stop
2026-09-12T18:45:46,2352,901,18.510000000000012,sell,stop
2026-09-12T18:45:46,2354,906,13.69,buy,market
2026-09-12T18:45:46,2358,901,16.24,sell,market
2026-09-12T18:45:46,2361,906,19.84,buy,market
2026-09-12T18:45:46,2364,901,5.78,sell,market
2026-09-12T18:45:46,2365,901,15.650000000000002,sell,market
2026-09-12T18:45:46,2365,900,3.6099999999999994,sell,market
2026-09-12T18:45:46,2365,900,14.52,sell,stop
2026-09-12T18:45:46,2366,900,14.61,sell,market
2026-09-12T18:45:46,2370,905,19.91,buy,market
2026-09-12T18:45:46,2371,900,5.690000000000001,sell,market
2026-09-12T18:45:46,2371,899,15.04,sell,market
2026-09-12T18:45:46,2371,899,10.810000000000002,sell,stop
2026-09-12T18:45:46,2371,898,9.029999999999998,sell,stop
2026-09-12T18:45:46,2371,898,13.69,sell,stop
2026-09-12T18:45:46,2383,898,25.51,sell,market
2026-09-12T18:45:46,2385,903,12.14,buy,market
2026-09-12T18:45:46,2390,898,12.55,sell,market
2026-09-12T18:45:46,2390,897,1.629999999999999,sell,market
2026-09-12T18:45:46,2391,897,17.19,sell,market
2026-09-12T18:45:46,2393,902,12.27,buy,market
2026-09-12T18:45:46,2393,897,12.27,sell,stop
2026-09-12T18:45:46,2395,897,13.449999999999996,sell,market
2026-09-12T18:45:46,2395,896,5.2500000000000036,sell,market
2026-09-12T18:45:46,2395,896,19.91,sell,stop
2026-09-12T18:45:46,2396,901,18.14,buy,market
2026-09-12T18:45:46,2396,896,18.14,sell,stop
2026-09-12T18:45:46,2401,896,6.419999999999998,sell,market
2026-09-12T18:45:46,2401,895,14.060000000000002,sell,market
2026-09-12T18:45:46,2403,895,13.84,sell,market
2026-09-12T18:45:46,2406,900,18.86,buy,market
2026-09-12T18:45:46,2413,895,16.78,sell,market
2026-09-12T18:45:46,2415,895,12.33,sell,market
2026-09-12T18:45:46,2417,895,4.24,sell,market
2026-09-12T18:45:46,2417,894,20.54,sell,market
2026-09-12T18:45:46,2418,899,11.05,buy,market
2026-09-12T18:45:46,2426,899,19.759999999999998,buy,market
2026-09-12T18:45:46,2426,900,1.5700000000000003,buy,market
2026-09-12T18:45:46,2427,895,8.61,sell,market
2026-09-12T18:45:46,2431,900,13.15,buy,market
2026-09-12T18:45:46,2432,900,13.17,buy,market
2026-09-12T18:45:46,2433,900,11.229999999999999,buy,market
2026-09-12T18:45:46,2433,901,9.660000000000002,buy,market
2026-09-12T18:45:46,2434,901,7.63,buy,market
2026-09-12T18:45:46,2441,896,19.32,sell,market
2026-09-12T18:45:46,2445,901,3.46,buy,market
2026-09-12T18:45:46,2447,901,7.340000000000001,buy,market
2026-09-12T18:45:46,2447,902,8.96,buy,market
2026-09-12T18:45:46,2447,902,13.84,buy,stop
2026-09-12T18:45:46,2447,902,12.33,buy,stop
2026-09-12T18:45:46,2449,902,6.6999999999999975,buy,market
2026-09-12T18:45:46,2449,903,15.13,buy,market
2026-09-12T18:45:46,2449,903,18.54,buy,stop
2026-09-12T18:45:46,2449,904,6.240000000000002,buy,stop
2026-09-12T18:45:46,2449,904,18.7,buy,stop
2026-09-12T18:45:46,2449,904,5.149999999999999,buy,stop
2026-09-12T18:45:46,2449,905,11.630000000000003,buy,stop
2026-09-12T18:45:46,2449,905,8.61,buy,stop
2026-09-12T18:45:46,2449,905,9.05,buy,stop
2026-09-12T18:45:46,2449,906,10.27,buy,stop
2026-09-12T18:45:46,2449,906,20.76,buy,stop
2026-09-12T18:45:46,2449,907,4.75,buy,stop
2026-09-12T18:45:46,2449,907,16.24,buy,stop
2026-09-12T18:45:46,2449,907,14.18,buy,stop
2026-09-12T18:45:46,2449,907,2.2900000000000027,buy,stop
2026-09-12T18:45:46,2449,908,14.899999999999999,buy,stop
2026-09-12T18:45:46,2449,908,19.440000000000005,buy,stop
2026-09-12T18:45:46,2449,909,1.0399999999999956,buy,stop
2026-09-12T18:45:46,2449,909,5.78,buy,stop
2026-09-12T18:45:46,2449,909,20.73,buy,stop
2026-09-12T18:45:46,2450,909,10.12,buy,market
2026-09-12T18:45:46,2451,904,24.0,sell,market
2026-09-12T18:45:46,2452,909,9.31,buy,market
2026-09-12T18:45:46,2452,904,9.31,sell,stop
2026-09-12T18:45:46,2468,909,11.229999999999999,buy,market
2026-09-12T18:45:46,2468,910,7.720000000000001,buy,market
2026-09-12T18:45:46,2468,910,19.26,buy,stop
2026-09-12T18:45:46,2469,910,1.879999999999999,buy,market
2026-09-12T18:45:46,2469,911,22.16,buy,market
2026-09-12T18:45:46,2469,911,14.61,buy,stop
2026-09-12T18:45:46,2477,911,17.91,buy,market
2026-09-12T18:45:46,2484,911,8.92,buy,market
2026-09-12T18:45:46,2486,911,18.48,buy,market
2026-09-12T18:45:46,2492,911,9.569999999999997,buy,market
2026-09-12T18:45:46,2492,912,4.700000000000003,buy,market
2026-09-12T18:45:46,2495,907,13.53,sell,market
2026-09-12T18:45:46,2497,912,18.45,buy,market
2026-09-12T18:45:46,2499,912,15.01,buy,market
2026-09-12T18:45:46,2506,912,1.7099999999999955,buy,market
2026-09-12T18:45:46,2506,913,19.42,buy,market
2026-09-12T18:45:46,2506,913,13.74,buy,stop
2026-09-12T18:45:46,2506,913,5.559999999999997,buy,stop
2026-09-12T18:45:46,2506,914,18.440000000000005,buy,stop
2026-09-12T18:45:46,2506,914,13.53,buy,stop
2026-09-12T18:45:46,2512,914,0.12999999999999723,buy,market
2026-09-12T18:45:46,2512,915,11.090000000000003,buy,market
2026-09-12T18:45:46,2514,915,13.709999999999997,buy,market
2026-09-12T18:45:46,2514,916,1.780000000000003,buy,market
2026-09-12T18:45:46,2515,916,14.68,buy,market
2026-09-12T18:45:46,2518,911,24.95,sell,market
2026-09-12T18:45:46,2518,910,6.050000000000001,sell,market
2026-09-12T18:45:46,2523,915,11.82,buy,market
2026-09-12T18:45:46,2526,910,10.77,sell,market
2026-09-12T18:45:46,2527,910,13.38,sell,market
2026-09-12T18:45:46,2528,915,19.53,buy,market
2026-09-12T18:45:46,2530,915,10.92,buy,market
2026-09-12T18:45:46,2532,915,6.72,buy,market
2026-09-12T18:45:46,2535,915,8.600000000000001,buy,market
2026-09-12T18:45:46,2535,916,3.289999999999999,buy,market
2026-09-12T18:45:46,2535,916,24.14,buy,stop
2026-09-12T18:45:46,2535,917,6.859999999999999,buy,stop
2026-09-12T18:45:46,2535,917,21.38,buy,stop
2026-09-12T18:45:46,2535,917,9.559999999999999,buy,stop
2026-09-12T18:45:46,2535,918,1.2100000000000009,buy,stop
2026-09-12T18:45:46,2535,918,13.38,buy,stop
2026-09-12T18:45:46,2537,918,15.31,buy,market
2026-09-12T18:45:46,2542,918,9.229999999999999,buy,market
2026-09-12T18:45:46,2542,919,6.790000000000001,buy,market
2026-09-12T18:45:46,2542,914,16.02,sell,stop
2026-09-12T18:45:46,2545,919,10.45,buy,market
2026-09-12T18:45:46,2546,919,15.71,buy,market
2026-09-12T18:45:46,2547,914,20.95,sell,market
2026-09-12T18:45:46,2552,919,14.74,buy,market
2026-09-12T18:45:46,2555,914,23.96,sell,market
2026-09-12T18:45:46,2557,919,14.73,buy,market
2026-09-12T18:45:46,2560,919,5.199999999999999,buy,market
2026-09-12T18:45:46,2560,920,7.800000000000001,buy,market
2026-09-12T18:45:46,2560,920,11.849999999999998,buy,stop
2026-09-12T18:45:46,2560,921,9.100000000000001,buy,stop
2026-09-12T18:45:46,2561,921,19.43,buy,market
2026-09-12T18:45:46,2562,921,7.350000000000001,buy,market
2026-09-12T18:45:46,2562,922,2.2799999999999994,buy,market
2026-09-12T18:45:46,2564,922,25.09,buy,market
2026-09-12T18:45:46,2565,922,19.35,buy,market
2026-09-12T18:45:46,2567,922,12.529999999999998,buy,market
2026-09-12T18:45:46,2567,923,0.37000000000000277,buy,market
2026-09-12T18:45:46,2568,918,18.73,sell,market
2026-09-12T18:45:46,2569,918,8.52,sell,market
2026-09-12T18:45:46,2569,917,7.699999999999999,sell,market
2026-09-12T18:45:46,2572,922,19.24,buy,market
2026-09-12T18:45:46,2572,917,16.12,sell,stop
2026-09-12T18:45:46,2572,916,3.1199999999999974,sell,stop
2026-09-12T18:45:46,2575,921,18.26,buy,market
2026-09-12T18:45:46,2578,921,9.58,buy,market
2026-09-12T18:45:46,2579,921,5.879999999999997,buy,market
2026-09-12T18:45:46,2579,922,11.240000000000004,buy,market
2026-09-12T18:45:46,2580,922,12.77,buy,market
2026-09-12T18:45:46,2581,922,4.629999999999999,buy,market
2026-09-12T18:45:46,2581,923,11.07,buy,market
2026-09-12T18:45:46,2581,923,16.22,buy,stop
2026-09-12T18:45:46,2583,923,9.479999999999997,buy,market
2026-09-12T18:45:46,2583,924,7.070000000000004,buy,market
2026-09-12T18:45:46,2583,924,23.96,buy,stop
2026-09-12T18:45:46,2587,924,5.68,buy,market
2026-09-12T18:45:46,2589,924,16.65,buy,market
2026-09-12T18:45:46,2589,919,16.65,sell,stop
2026-09-12T18:45:46,2591,924,13.910000000000004,buy,market
2026-09-12T18:45:46,2591,925,6.419999999999995,buy,market
2026-09-12T18:45:46,2593,925,20.72,buy,market
2026-09-12T18:45:46,2593,920,20.72,sell,stop
2026-09-12T18:45:46,2596,920,17.5,sell,market
2026-09-12T18:45:46,2597,925,1.0600000000000058,buy,market
2026-09-12T18:45:46,2597,926,9.379999999999994,buy,market
2026-09-12T18:45:46,2599,926,26.64,buy,market
2026-09-12T18:45:46,2600,926,14.510000000000005,buy,market
2026-09-12T18:45:46,2600,927,0.9699999999999953,buy,market
2026-09-12T18:45:46,2602,927,15.71,buy,market
2026-09-12T18:45:46,2604,927,13.51,buy,market
2026-09-12T18:45:46,2613,922,14.11,sell,market
2026-09-12T18:45:46,2618,927,11.219999999999997,buy,market
2026-09-12T18:45:46,2618,928,4.2500000000000036,buy,market
2026-09-12T18:45:46,2621,928,18.95,buy,market
2026-09-12T18:45:46,2622,928,12.07,buy,market
2026-09-12T18:45:46,2623,928,15.519999999999992,buy,market
2026-09-12T18:45:46,2623,929,8.590000000000007,buy,market
2026-09-12T18:45:46,2623,929,18.73,buy,stop
2026-09-12T18:45:46,2627,929,13.849999999999998,buy,market
2026-09-12T18:45:46,2627,930,7.460000000000001,buy,market
2026-09-12T18:45:46,2627,930,17.5,buy,stop
2026-09-12T18:45:46,2631,925,11.18,sell,market
2026-09-12T18:45:46,2632,925,9.23,sell,market
2026-09-12T18:45:46,2636,925,10.95,sell,market
2026-09-12T18:45:46,2641,925,13.14,sell,market
2026-09-12T18:45:46,2643,925,3.09,sell,market
2026-09-12T18:45:46,2643,924,3.37,sell,market
2026-09-12T18:45:46,2652,924,18.66,sell,market
2026-09-12T18:45:46,2658,929,9.11,buy,market
2026-09-12T18:45:46,2661,929,10.49,buy,market
2026-09-12T18:45:46,2662,924,22.900000000000002,sell,market
2026-09-12T18:45:46,2662,923,0.2099999999999973,sell,market
2026-09-12T18:45:46,2662,923,21.31,sell,stop
2026-09-12T18:45:46,2663,928,19.28,buy,market
2026-09-12T18:45:46,2666,928,23.19,buy,market
2026-09-12T18:45:46,2671,928,9.03,buy,market
2026-09-12T18:45:46,2681,928,9.689999999999996,buy,market
2026-09-12T18:45:46,2681,929,10.980000000000006,buy,market
2026-09-12T18:45:46,2683,929,7.79,buy,market
2026-09-12T18:45:46,2688,929,2.939999999999995,buy,market
2026-09-12T18:45:46,2688,930,9.030000000000005,buy,market
2026-09-12T18:45:46,2691,925,5.12,sell,market
2026-09-12T18:45:46,2694,930,16.309999999999995,buy,market
2026-09-12T18:45:46,2694,931,0.850000000000005,buy,market
2026-09-12T18:45:46,2694,931,14.11,buy,stop
2026-09-12T18:45:46,2694,931,6.46,buy,stop
2026-09-12T18:45:46,2694,931,12.18999999999999,buy,stop
2026-09-12T18:45:46,2694,932,6.4700000000000095,buy,stop
2026-09-12T18:45:46,2694,932,11.18,buy,stop
2026-09-12T18:45:46,2694,932,13.14,buy,stop
2026-09-12T18:45:46,2694,932,16.369999999999983,buy,stop
2026-09-12T18:45:46,2694,933,6.740000000000016,buy,stop
2026-09-12T18:45:46,2694,933,10.95,buy,stop
2026-09-12T18:45:46,2698,933,15.37,buy,market
2026-09-12T18:45:46,2705,933,12.499999999999988,buy,market
2026-09-12T18:45:46,2705,934,4.070000000000013,buy,market
2026-09-12T18:45:46,2705,934,5.12,buy,stop
2026-09-12T18:45:46,2706,934,12.05,buy,market
2026-09-12T18:45:46,2708,934,15.43,buy,market
2026-09-12T18:45:46,2711,929,7.48,sell,market
2026-09-12T18:45:46,2716,934,0.6899999999999835,buy,market
2026-09-12T18:45:46,2716,935,26.340000000000018,buy,market
2026-09-12T18:45:46,2716,935,9.23,buy,stop
2026-09-12T18:45:46,2717,935,12.489999999999984,buy,market
2026-09-12T18:45:46,2717,936,1.2900000000000151,buy,market
2026-09-12T18:45:46,2717,936,7.48,buy,stop
2026-09-12T18:45:46,2718,931,8.77,sell,market
2026-09-12T18:45:46,2720,936,19.2,buy,market
2026-09-12T18:45:46,2721,931,17.54,sell,market
2026-09-12T18:45:46,2723,931,8.98,sell,market
2026-09-12T18:45:46,2724,931,0.9600000000000009,sell,market
2026-09-12T18:45:46,2724,930,15.489999999999998,sell,market
2026-09-12T18:45:46,2727,930,16.82,sell,market
2026-09-12T18:45:46,2730,930,18.48,sell,market
2026-09-12T18:45:46,2733,935,15.43,buy,market
2026-09-12T18:45:46,2738,935,15.23,buy,market
2026-09-12T18:45:46,2740,930,5.419999999999998,sell,market
2026-09-12T18:45:46,2740,929,10.370000000000001,sell,market
2026-09-12T18:45:46,2740,929,13.78,sell,stop
2026-09-12T18:45:46,2744,929,11.08,sell,market
2026-09-12T18:45:46,2748,934,9.12,buy,market
2026-09-12T18:45:46,2748,929,9.12,sell,stop
2026-09-12T18:45:46,2757,934,3.01,buy,market
2026-09-12T18:45:46,2758,934,25.17,buy,market
2026-09-12T18:45:46,2759,929,2.2899999999999956,sell,market
2026-09-12T18:45:46,2759,928,16.920000000000005,sell,market
2026-09-12T18:45:46,2760,933,15.0,buy,market
2026-09-12T18:45:46,2761,933,16.3,buy,market
2026-09-12T18:45:46,2761,928,16.3,sell,stop
2026-09-12T18:45:46,2762,928,14.74,sell,market
2026-09-12T18:45:46,2764,933,5.379999999999999,buy,market
2026-09-12T18:45:46,2764,934,17.84,buy,market
2026-09-12T18:45:46,2767,929,11.21,sell,market
2026-09-12T18:45:46,2772,934,18.01,buy,market
2026-09-12T18:45:46,2774,934,11.519999999999996,buy,market
2026-09-12T18:45:46,2774,935,2.0400000000000045,buy,market
2026-09-12T18:45:46,2775,930,15.06,sell,market
2026-09-12T18:45:46,2785,930,12.07,sell,market
2026-09-12T18:45:46,2790,930,9.16,sell,market
2026-09-12T18:45:46,2792,935,19.4,buy,market
2026-09-12T18:45:46,2798,930,11.33,sell,market
2026-09-12T18:45:46,2799,935,13.160000000000004,buy,market
2026-09-12T18:45:46,2799,936,4.149999999999995,buy,market
2026-09-12T18:45:46,2799,936,15.79,buy,stop
2026-09-12T18:45:46,2799,936,14.74,buy,stop
2026-09-12T18:45:46,2804,931,16.4,sell,market
2026-09-12T18:45:46,2810,931,13.17,sell,market
2026-09-12T18:45:46,2812,936,4.910000000000013,buy,market
2026-09-12T18:45:46,2812,937,16.919999999999987,buy,market
2026-09-12T18:45:46,2812,937,16.82,buy,stop
2026-09-12T18:45:46,2812,937,6.5700000000000145,buy,stop
2026-09-12T18:45:46,2812,938,4.639999999999986,buy,stop
2026-09-12T18:45:46,2812,938,8.77,buy,stop
2026-09-12T18:45:46,2812,938,17.54,buy,stop
2026-09-12T18:45:46,2812,938,8.040000000000017,buy,stop
2026-09-12T18:45:46,2812,939,11.169999999999984,buy,stop
2026-09-12T18:45:46,2812,939,8.98,buy,stop
2026-09-12T18:45:46,2812,939,16.45,buy,stop
2026-09-12T18:45:46,2812,939,2.630000000000013,buy,stop
2026-09-12T18:45:46,2812,940,15.849999999999987,buy,stop
2026-09-12T18:45:46,2812,940,11.08,buy,stop
2026-09-12T18:45:46,2812,940,12.350000000000014,buy,stop
2026-09-12T18:45:46,2812,941,2.7099999999999866,buy,stop
2026-09-12T18:45:46,2812,941,12.07,buy,stop
2026-09-12T18:45:46,2812,941,9.16,buy,stop
2026-09-12T18:45:46,2812,941,16.4,buy,stop
2026-09-12T18:45:46,2812,941,6.030000000000012,buy,stop
2026-09-12T18:45:46,2812,942,7.139999999999988,buy,stop
2026-09-12T18:45:46,2812,942,11.33,buy,stop
2026-09-12T18:45:46,2813,937,19.96,sell,market
2026-09-12T18:45:46,2816,937,22.11,sell,market
2026-09-12T18:45:46,2817,942,15.75,buy,market
2026-09-12T18:45:46,2820,937,10.75,sell,market
2026-09-12T18:45:46,2820,936,7.300000000000001,sell,market
2026-09-12T18:45:46,2830,941,8.69,buy,market
2026-09-12T18:45:46,2837,936,15.74,sell,market
2026-09-12T18:45:46,2840,941,22.29,buy,market
2026-09-12T18:45:46,2841,936,8.65,sell,market
2026-09-12T18:45:46,2842,936,17.049999999999997,sell,market
2026-09-12T18:45:46,2842,935,1.1400000000000041,sell,market
2026-09-12T18:45:46,2842,935,8.69,sell,stop
2026-09-12T18:45:46,2848,935,14.82,sell,market
2026-09-12T18:45:46,2853,940,5.9,buy,market
2026-09-12T18:45:46,2856,935,10.97,sell,market
2026-09-12T18:45:46,2858,940,16.990000000000002,buy,market
2026-09-12T18:45:46,2858,941,8.889999999999997,buy,market
2026-09-12T18:45:46,2860,936,7.99,sell,market
2026-09-12T18:45:46,2861,936,15.67,sell,market
2026-09-12T18:45:46,2866,936,12.62,sell,market
2026-09-12T18:45:46,2872,941,8.620000000000008,buy,market
2026-09-12T18:45:46,2872,942,6.789999999999992,buy,market
2026-09-12T18:45:46,2872,942,15.74,buy,stop
2026-09-12T18:45:46,2872,942,12.62,buy,stop
2026-09-12T18:45:46,2880,937,23.16,sell,market
2026-09-12T18:45:46,2881,937,17.95,sell,market
2026-09-12T18:45:46,2888,942,10.66,buy,market
2026-09-12T18:45:46,2896,937,3.8599999999999994,sell,market
2026-09-12T18:45:46,2896,936,14.240000000000002,sell,market
2026-09-12T18:45:46,2897,936,22.29,sell,market
2026-09-12T18:45:46,2901,936,5.609999999999999,sell,market
2026-09-12T18:45:46,2901,935,11.990000000000002,sell,market
2026-09-12T18:45:46,2903,935,12.78,sell,market
2026-09-12T18:45:46,2909,935,11.24,sell,market
2026-09-12T18:45:46,2911,940,22.5,buy,market
2026-09-12T18:45:46,2919,940,5.949999999999999,buy,market
2026-09-12T18:45:46,2919,941,8.55,buy,market
2026-09-12T18:45:46,2926,936,5.2,sell,market
2026-09-12T18:45:46,2927,941,10.7,buy,market
2026-09-12T18:45:46,2940,941,9.86,buy,market
2026-09-12T18:45:46,2941,936,17.84,sell,market
2026-09-12T18:45:46,2943,936,17.28,sell,market
2026-09-12T18:45:46,2944,941,11.830000000000002,buy,market
2026-09-12T18:45:46,2944,942,1.9199999999999982,buy,market
2026-09-12T18:45:46,2944,942,11.24,buy,stop
2026-09-12T18:45:46,2944,942,17.28,buy,stop
2026-09-12T18:45:46,2945,937,9.76,sell,market
2026-09-12T18:45:46,2947,942,13.03,buy,market
2026-09-12T18:45:46,2948,937,2.22,sell,market
2026-09-12T18:45:46,2951,942,13.0,buy,market
2026-09-12T18:45:46,2958,942,14.99,buy,market
2026-09-12T18:45:46,2960,942,5.9399999999999995,buy,market
2026-09-12T18:45:46,2960,943,9.84,buy,market
2026-09-12T18:45:46,2960,943,10.97,buy,stop
2026-09-12T18:45:46,2960,943,6.9399999999999995,buy,stop
2026-09-12T18:45:46,2960,944,1.0500000000000007,buy,stop
2026-09-12T18:45:46,2960,944,22.11,buy,stop
2026-09-12T18:45:46,2960,944,8.65,buy,stop
2026-09-12T18:45:46,2960,944,2.649999999999997,buy,stop
2026-09-12T18:45:46,2960,945,20.510000000000005,buy,stop
2026-09-12T18:45:46,2960,945,19.359999999999992,buy,stop
2026-09-12T18:45:46,2960,946,0.6000000000000085,buy,stop
2026-09-12T18:45:46,2960,946,18.1,buy,stop
2026-09-12T18:45:46,2960,946,22.29,buy,stop
2026-09-12T18:45:46,2960,946,3.3799999999999883,buy,stop
2026-09-12T18:45:46,2960,947,14.220000000000013,buy,stop
2026-09-12T18:45:46,2960,947,18.19,buy,stop
2026-09-12T18:45:46,2960,947,14.82,buy,stop
2026-09-12T18:45:46,2960,947,0.2199999999999882,buy,stop
2026-09-12T18:45:46,2960,948,17.73000000000001,buy,stop
2026-09-12T18:45:46,2960,948,18.05,buy,stop
2026-09-12T18:45:46,2960,948,15.34999999999999,buy,stop
2026-09-12T18:45:46,2960,949,0.32000000000000917,buy,stop
2026-09-12T18:45:46,2960,949,12.78,buy,stop
2026-09-12T18:45:46,2960,949,5.2,buy,stop
2026-09-12T18:45:46,2960,949,17.84,buy,stop
2026-09-12T18:45:46,2960,949,2.3799999999999955,buy,stop
2026-09-12T18:45:46,2960,950,7.380000000000004,buy,stop
2026-09-12T18:45:46,2960,950,2.22,buy,stop
2026-09-12T18:45:46,2963,945,12.16,sell,market
2026-09-12T18:45:46,2964,950,14.5,buy,market
2026-09-12T18:45:46,2971,950,10.69,buy,market
2026-09-12T18:45:46,2974,945,12.13,sell,market
2026-09-12T18:45:46,2986,950,11.47,buy,market
2026-09-12T18:45:46,2987,950,14.959999999999999,buy,market
2026-09-12T18:45:46,2987,951,8.910000000000002,buy,market
2026-09-12T18:45:46,2987,951,12.13,buy,stop
2026-09-12T18:45:46,2998,951,7.409999999999998,buy,market
2026-09-12T18:45:46,2998,952,6.620000000000001,buy,market
2026-09-12T18:45:46,3001,952,11.14,buy,market
2026-09-12T18:45:46,3007,952,6.349999999999998,buy,market
2026-09-12T18:45:46,3007,953,9.120000000000003,buy,market
2026-09-12T18:45:46,3007,953,12.16,buy,stop
2026-09-12T18:45:46,3008,948,10.26,sell,market
2026-09-12T18:45:46,3014,953,11.28,buy,market
2026-09-12T18:45:46,3015,953,12.439999999999996,buy,market
2026-09-12T18:45:46,3015,954,4.030000000000003,buy,market
2026-09-12T18:45:46,3022,954,17.16,buy,market
2026-09-12T18:45:46,3023,954,11.44,buy,market
2026-09-12T18:45:46,3026,954,11.26,buy,market
2026-09-12T18:45:46,3027,954,9.670000000000007,buy,market
2026-09-12T18:45:46,3027,955,6.819999999999991,buy,market
2026-09-12T18:45:46,3029,955,9.55,buy,market
2026-09-12T18:45:46,3031,950,18.2,sell,market
2026-09-12T18:45:46,3036,950,22.38,sell,market
2026-09-12T18:45:46,3037,950,16.889999999999997,sell,market
2026-09-12T18:45:46,3037,949,5.560000000000002,sell,market
2026-09-12T18:45:46,3041,949,21.52,sell,market
2026-09-12T18:45:46,3048,954,16.36,buy,market
2026-09-12T18:45:46,3051,954,21.23,buy,market
2026-09-12T18:45:46,3061,949,18.36,sell,market
2026-09-12T18:45:46,3061,954,7.050000000000001,buy,stop
2026-09-12T18:45:46,3061,955,11.309999999999999,buy,stop
2026-09-12T18:45:46,3063,955,21.64,buy,market
2026-09-12T18:45:46,3066,950,16.93,sell,market
2026-09-12T18:45:46,3067,950,6.23,sell,market
2026-09-12T18:45:46,3067,949,0.009999999999999787,sell,market
2026-09-12T18:45:46,3068,949,17.55,sell,market
2026-09-12T18:45:46,3070,949,10.350000000000005,sell,market
2026-09-12T18:45:46,3070,948,1.6899999999999942,sell,market
2026-09-12T18:45:46,3070,948,17.16,sell,stop
2026-09-12T18:45:46,3070,948,20.040000000000003,sell,stop
2026-09-12T18:45:46,3070,947,1.1899999999999977,sell,stop
2026-09-12T18:45:46,3070,947,11.26,sell,stop
2026-09-12T18:45:46,3070,947,20.660000000000004,sell,stop
2026-09-12T18:45:46,3070,946,0.9799999999999969,sell,stop
2026-09-12T18:45:46,3070,946,16.49,sell,stop
2026-09-12T18:45:46,3070,946,7.730000000000004,sell,stop
2026-09-12T18:45:46,3070,945,1.8199999999999967,sell,stop
2026-09-12T18:45:46,3070,945,15.47,sell,stop
2026-09-12T18:45:46,3070,945,16.47,sell,stop
2026-09-12T18:45:46,3072,945,5.260000000000005,sell,market
2026-09-12T18:45:46,3072,944,3.8699999999999957,sell,market
2026-09-12T18:45:46,3072,944,11.14,sell,stop
2026-09-12T18:45:46,3072,944,11.44,sell,stop
2026-09-12T18:45:46,3072,944,10.720000000000004,sell,stop
2026-09-12T18:45:46,3072,943,5.639999999999995,sell,stop
2026-09-12T18:45:46,3072,943,11.28,sell,stop
2026-09-12T18:45:46,3073,943,11.240000000000004,sell,market
2026-09-12T18:45:46,3073,942,1.559999999999997,sell,market
2026-09-12T18:45:46,3073,942,11.47,sell,stop
2026-09-12T18:45:46,3073,942,17.630000000000003,sell,stop
2026-09-12T18:45:46,3073,941,6.239999999999998,sell,stop
2026-09-12T18:45:46,3078,941,10.94,sell,market
2026-09-12T18:45:46,3082,941,14.26,sell,market
2026-09-12T18:45:46,3087,946,14.82,buy,market
2026-09-12T18:45:46,3097,941,14.14,sell,market
2026-09-12T18:45:46,3098,941,3.8800000000000026,sell,market
2026-09-12T18:45:46,3098,940,12.699999999999996,sell,market
2026-09-12T18:45:46,3098,940,3.2100000000000044,sell,stop
2026-09-12T18:45:46,3098,939,10.819999999999995,sell,stop
2026-09-12T18:45:46,3098,939,14.5,sell,stop
2026-09-12T18:45:46,3098,939,14.82,sell,stop
2026-09-12T18:45:46,3108,939,9.22,sell,market
2026-09-12T18:45:46,3109,944,15.54,buy,market
2026-09-12T18:45:46,3111,939,1.9800000000000093,sell,market
2026-09-12T18:45:46,3111,938,4.189999999999991,sell,market
2026-09-12T18:45:46,3111,938,10.69,sell,stop
2026-09-12T18:45:46,3113,943,10.47,buy,market
2026-09-12T18:45:46,3119,943,7.31,buy,market
2026-09-12T18:45:46,3120,943,16.030000000000005,buy,market
2026-09-12T18:45:46,3120,944,3.059999999999995,buy,market
2026-09-12T18:45:46,3122,944,15.62,buy,market
2026-09-12T18:45:46,3128,944,15.59,buy,market
2026-09-12T18:45:46,3135,939,20.56,sell,market
2026-09-12T18:45:46,3141,944,11.07,buy,market
2026-09-12T18:45:46,3147,939,21.35,sell,market
2026-09-12T18:45:46,3149,944,19.54,buy,market
2026-09-12T18:45:46,3150,944,9.46,buy,market
2026-09-12T18:45:46,3150,945,0.9799999999999986,buy,market
2026-09-12T18:45:46,3151,945,15.34,buy,market
2026-09-12T18:45:46,3152,940,14.76,sell,market
2026-09-12T18:45:46,3155,945,13.98,buy,market
2026-09-12T18:45:46,3156,940,13.73,sell,market
2026-09-12T18:45:46,3158,945,11.810000000000002,buy,market
2026-09-12T18:45:46,3158,946,0.8599999999999977,buy,market
2026-09-12T18:45:46,3158,946,21.35,buy,stop
2026-09-12T18:45:46,3159,946,5.75,buy,market
2026-09-12T18:45:46,3159,947,7.23,buy,market
2026-09-12T18:45:46,3160,942,17.8,sell,market
2026-09-12T18:45:46,3161,947,7.02,buy,market
2026-09-12T18:45:46,3171,947,15.84,buy,market
2026-09-12T18:45:46,3173,947,20.55,buy,market
2026-09-12T18:45:46,3181,947,5.420000000000002,buy,market
2026-09-12T18:45:46,3181,948,5.099999999999998,buy,market
2026-09-12T18:45:46,3181,948,10.94,buy,stop
2026-09-12T18:45:46,3181,948,14.14,buy,stop
2026-09-12T18:45:46,3181,948,0.01000000000000334,buy,stop
2026-09-12T18:45:46,3181,949,9.209999999999997,buy,stop
2026-09-12T18:45:46,3181,949,16.58,buy,stop
2026-09-12T18:45:46,3181,949,1.4500000000000028,buy,stop
2026-09-12T18:45:46,3181,950,19.109999999999996,buy,stop
2026-09-12T18:45:46,3181,950,6.17,buy,stop
2026-09-12T18:45:46,3181,950,14.76,buy,stop
2026-09-12T18:45:46,3181,950,10.280000000000006,buy,stop
2026-09-12T18:45:46,3181,951,3.449999999999994,buy,stop
2026-09-12T18:45:46,3181,951,12.8,buy,stop
2026-09-12T18:45:46,3181,951,11.070000000000004,buy,stop
2026-09-12T18:45:46,3181,952,3.189999999999996,buy,stop
2026-09-12T18:45:46,3181,952,17.8,buy,stop
2026-09-12T18:45:46,3184,952,16.87,buy,market
2026-09-12T18:45:46,3188,952,11.829999999999998,buy,market
2026-09-12T18:45:46,3188,953,7.23,buy,market
2026-09-12T18:45:46,3189,948,3.87,sell,market
2026-09-12T18:45:46,3190,948,13.57,sell,market
2026-09-12T18:45:46,3191,953,10.76,buy,market
2026-09-12T18:45:46,3193,953,15.64,buy,market
2026-09-12T18:45:46,3193,948,15.64,sell,stop
2026-09-12T18:45:46,3194,953,4.3799999999999955,buy,market
2026-09-12T18:45:46,3194,954,6.100000000000005,buy,market
2026-09-12T18:45:46,3201,954,14.34,buy,market
2026-09-12T18:45:46,3212,949,13.81,sell,market
2026-09-12T18:45:46,3219,954,11.0,buy,market
2026-09-12T18:45:46,3220,949,10.45,sell,market
2026-09-12T18:45:46,3225,954,23.66,buy,market
2026-09-12T18:45:46,3227,949,18.49,sell,market
2026-09-12T18:45:46,3233,949,13.94,sell,market
2026-09-12T18:45:46,3234,954,13.88,buy,market
2026-09-12T18:45:46,3237,954,12.02,buy,market
2026-09-12T18:45:46,3239,954,10.34,buy,market
2026-09-12T18:45:46,3239,949,10.34,sell,stop
2026-09-12T18:45:46,3240,949,7.6,sell,market
2026-09-12T18:45:46,3241,954,21.8,buy,market
2026-09-12T18:45:46,3242,954,12.600000000000005,buy,market
2026-09-12T18:45:46,3242,955,3.1999999999999957,buy,market
2026-09-12T18:45:46,3242,955,13.57,buy,stop
2026-09-12T18:45:46,3242,955,13.94,buy,stop
2026-09-12T18:45:46,3243,950,20.02,sell,market
2026-09-12T18:45:46,3247,955,16.44,buy,market
2026-09-12T18:45:46,3258,950,18.25,sell,market
2026-09-12T18:45:46,3259,950,12.08,sell,market
2026-09-12T18:45:46,3261,955,10.040000000000003,buy,market
2026-09-12T18:45:46,3261,956,7.199999999999996,buy,market
2026-09-12T18:45:46,3261,956,18.49,buy,stop
2026-09-12T18:45:46,3262,956,17.120000000000008,buy,market
2026-09-12T18:45:46,3262,957,10.149999999999991,buy,market
2026-09-12T18:45:46,3262,957,17.55,buy,stop
2026-09-12T18:45:46,3262,957,19.520000000000007,buy,stop
2026-09-12T18:45:46,3262,958,0.4999999999999929,buy,stop
2026-09-12T18:45:46,3262,958,3.87,buy,stop
2026-09-12T18:45:46,3262,958,13.81,buy,stop
2026-09-12T18:45:46,3262,958,10.45,buy,stop
2026-09-12T18:45:46,3262,958,7.6,buy,stop
2026-09-12T18:45:46,3267,953,15.92,sell,market
2026-09-12T18:45:46,3271,958,12.33000000000001,buy,market
2026-09-12T18:45:46,3271,959,1.4999999999999893,buy,market
2026-09-12T18:45:46,3271,959,10.26,buy,stop
2026-09-12T18:45:46,3271,959,12.08,buy,stop
2026-09-12T18:45:46,3271,954,13.83,sell,stop
2026-09-12T18:45:46,3272,954,15.97,sell,market
2026-09-12T18:45:46,3273,954,2.74,sell,market
2026-09-12T18:45:46,3273,953,9.840000000000002,sell,market
2026-09-12T18:45:46,3273,952,2.799999999999999,sell,market
2026-09-12T18:45:46,3275,957,20.72,buy,market
2026-09-12T18:45:46,3276,952,8.61,sell,market
2026-09-12T18:45:46,3279,952,12.24,sell,market
2026-09-12T18:45:46,3285,952,17.45,sell,market
2026-09-12T18:45:46,3291,952,15.95,sell,market
2026-09-12T18:45:46,3294,957,4.74,buy,market
2026-09-12T18:45:46,3295,957,24.14,buy,market
2026-09-12T18:45:46,3295,958,0.23999999999999844,buy,market
2026-09-12T18:45:46,3296,958,17.12,buy,market
2026-09-12T18:45:46,3296,953,17.12,sell,stop
2026-09-12T18:45:46,3299,953,21.49,sell,market
2026-09-12T18:45:46,3299,952,1.0700000000000003,sell,market
2026-09-12T18:45:46,3301,952,11.33,sell,market
2026-09-12T18:45:46,3303,952,10.089999999999998,sell,market
2026-09-12T18:45:46,3303,951,9.040000000000001,sell,market
2026-09-12T18:45:46,3303,951,4.74,sell,stop
2026-09-12T18:45:46,3307,951,21.09,sell,market
2026-09-12T18:45:46,3308,956,15.88,buy,market
2026-09-12T18:45:46,3311,951,18.319999999999997,sell,market
2026-09-12T18:45:46,3311,950,0.40000000000000213,sell,market
2026-09-12T18:45:46,3311,950,15.88,sell,stop
2026-09-12T18:45:46,3312,955,9.6,buy,market
2026-09-12T18:45:46,3314,955,13.6,buy,market
2026-09-12T18:45:46,3319,955,9.250000000000002,buy,market
2026-09-12T18:45:46,3319,956,15.26,buy,market
2026-09-12T18:45:46,3320,956,13.78,buy,market
2026-09-12T18:45:46,3321,951,17.13,sell,market
2026-09-12T18:45:46,3322,956,11.320000000000002,buy,market
2026-09-12T18:45:46,3322,957,4.899999999999997,buy,market
2026-09-12T18:45:46,3323,952,18.15,sell,market
2026-09-12T18:45:46,3325,957,17.78,buy,market
2026-09-12T18:45:46,3331,952,11.06,sell,market
2026-09-12T18:45:46,3333,957,10.28,buy,market
2026-09-12T18:45:46,3334,952,14.28,sell,market
2026-09-12T18:45:46,3340,952,19.07,sell,market
2026-09-12T18:45:46,3341,957,21.32,buy,market
2026-09-12T18:45:46,3341,958,1.7699999999999996,buy,market
2026-09-12T18:45:46,3341,958,11.33,buy,stop
2026-09-12T18:45:46,3341,958,21.09,buy,stop
2026-09-12T18:45:46,3341,958,6.27,buy,stop
2026-09-12T18:45:46,3341,959,12.45,buy,stop
2026-09-12T18:45:46,3341,959,17.45,buy,stop
2026-09-12T18:45:46,3341,959,10.14,buy,stop
2026-09-12T18:45:46,3341,960,12.419999999999998,buy,stop
2026-09-12T18:45:46,3341,960,22.38,buy,stop
2026-09-12T18:45:46,3341,960,9.84,buy,stop
2026-09-12T18:45:46,3341,961,8.41,buy,stop
2026-09-12T18:45:46,3341,961,15.95,buy,stop
2026-09-12T18:45:46,3341,961,19.119999999999994,buy,stop
2026-09-12T18:45:46,3341,962,0.010000000000005116,buy,stop
2026-09-12T18:45:46,3341,962,15.92,buy,stop
2026-09-12T18:45:46,3341,962,15.97,buy,stop
2026-09-12T18:45:46,3341,962,8.61,buy,stop
2026-09-12T18:45:46,3341,962,2.0099999999999962,buy,stop
2026-09-12T18:45:46,3341,963,10.230000000000004,buy,stop
2026-09-12T18:45:46,3341,963,15.38,buy,stop
2026-09-12T18:45:46,3341,963,11.819999999999995,buy,stop
2026-09-12T18:45:46,3341,964,5.310000000000004,buy,stop
2026-09-12T18:45:46,3341,964,18.15,buy,stop
2026-09-12T18:45:46,3341,964,10.68,buy,stop
2026-09-12T18:45:46,3341,965,0.3800000000000008,buy,stop
2026-09-12T18:45:46,3341,965,14.28,buy,stop
2026-09-12T18:45:46,3341,965,19.07,buy,stop
2026-09-12T18:45:46,3342,960,10.14,sell,market
2026-09-12T18:45:46,3345,960,14.77,sell,market
2026-09-12T18:45:46,3348,960,19.0,sell,market
2026-09-12T18:45:46,3352,965,9.4,buy,market
2026-09-12T18:45:46,3353,965,11.5,buy,market
2026-09-12T18:45:46,3360,965,20.4,buy,market
2026-09-12T18:45:46,3360,960,1.9199999999999982,sell,stop
2026-09-12T18:45:46,3360,959,18.48,sell,stop
2026-09-12T18:45:46,3360,959,9.4,sell,stop
2026-09-12T18:45:46,3370,959,13.98,sell,market
2026-09-12T18:45:46,3373,959,5.069999999999997,sell,market
2026-09-12T18:45:46,3373,958,8.270000000000003,sell,market
2026-09-12T18:45:46,3375,963,14.68,buy,market
2026-09-12T18:45:46,3375,958,14.68,sell,stop
2026-09-12T18:45:46,3376,958,15.93,sell,market
2026-09-12T18:45:46,3376,957,0.5500000000000007,sell,market
2026-09-12T18:45:46,3380,957,15.43,sell,market
2026-09-12T18:45:46,3380,962,15.43,buy,stop
2026-09-12T18:45:46,3381,957,5.64,sell,market
2026-09-12T18:45:46,3382,957,14.130000000000003,sell,market
2026-09-12T18:45:46,3382,956,1.2799999999999976,sell,market
2026-09-12T18:45:46,3386,956,9.52,sell,market
2026-09-12T18:45:46,3388,956,12.88,sell,market
2026-09-12T18:45:46,3390,961,11.14,buy,market
2026-09-12T18:45:46,3390,956,2.790000000000001,sell,stop
2026-09-12T18:45:46,3390,955,8.35,sell,stop
2026-09-12T18:45:46,3390,955,11.5,sell,stop
2026-09-12T18:45:46,3396,960,13.16,buy,market
2026-09-12T18:45:46,3397,955,18.909999999999997,sell,market
2026-09-12T18:45:46,3397,954,1.9000000000000021,sell,market
2026-09-12T18:45:46,3403,959,12.91,buy,market
2026-09-12T18:45:46,3407,959,26.73,buy,market
2026-09-12T18:45:46,3408,959,5.27,buy,market
2026-09-12T18:45:46,3408,960,11.629999999999999,buy,market
2026-09-12T18:45:46,3410,960,16.59,buy,market
2026-09-12T18:45:46,3414,955,23.16,sell,market
2026-09-12T18:45:46,3414,960,8.25,buy,stop
2026-09-12T18:45:46,3414,961,14.91,buy,stop
2026-09-12T18:45:46,3415,961,14.12,buy,market
2026-09-12T18:45:46,3424,956,14.93,sell,market
2026-09-12T18:45:46,3429,961,12.91,buy,market
2026-09-12T18:45:46,3436,961,15.77,buy,market
2026-09-12T18:45:46,3440,961,13.97,buy,market
2026-09-12T18:45:46,3441,961,8.729999999999999,buy,market
2026-09-12T18:45:46,3441,962,6.100000000000001,buy,market
2026-09-12T18:45:46,3445,962,6.38,buy,market
2026-09-12T18:45:46,3447,962,18.19,buy,market
2026-09-12T18:45:46,3454,957,9.86,sell,market
2026-09-12T18:45:46,3455,962,9.14,buy,market
2026-09-12T18:45:46,3458,957,1.43,sell,market
2026-09-12T18:45:46,3462,957,23.86,sell,market
2026-09-12T18:45:46,3468,962,12.63,buy,market
2026-09-12T18:45:46,3469,957,6.300000000000004,sell,market
2026-09-12T18:45:46,3469,956,6.789999999999996,sell,market
2026-09-12T18:45:46,3471,961,16.37,buy,market
2026-09-12T18:45:46,3472,956,21.85,sell,market
2026-09-12T18:45:46,3478,961,12.809999999999999,buy,market
2026-09-12T18:45:46,3478,962,7.800000000000001,buy,market
2026-09-12T18:45:46,3479,957,19.73,sell,market
2026-09-12T18:45:46,3480,957,9.77,sell,market
2026-09-12T18:45:46,3485,957,9.32,sell,market
2026-09-12T18:45:46,3491,962,15.34,buy,market
2026-09-12T18:45:46,3491,957,15.34,sell,stop
2026-09-12T18:45:46,3494,957,7.09,sell,market
2026-09-12T18:45:46,3498,957,15.98,sell,market
2026-09-12T18:45:46,3500,962,9.32,buy,market
2026-09-12T18:45:46,3503,957,8.07,sell,market
2026-09-12T18:45:46,3503,956,8.030000000000005,sell,market
2026-09-12T18:45:46,3503,955,3.2199999999999953,sell,market
2026-09-12T18:45:46,3503,955,13.97,sell,stop
2026-09-12T18:45:46,3503,955,14.83,sell,stop
2026-09-12T18:45:46,3504,955,11.83,sell,market
2026-09-12T18:45:46,3510,955,5.44000000000001,sell,market
2026-09-12T18:45:46,3510,954,10.27999999999999,sell,market
2026-09-12T18:45:46,3510,954,16.59,sell,stop
2026-09-12T18:45:46,3510,954,9.14,sell,stop
2026-09-12T18:45:46,3510,959,15.72,buy,stop
2026-09-12T18:45:46,3511,959,15.9,buy,market
2026-09-12T18:45:46,3511,960,9.389999999999999,buy,market
2026-09-12T18:45:46,3514,955,14.29,sell,market
2026-09-12T18:45:46,3515,955,5.97,sell,market
2026-09-12T18:45:46,3518,955,15.580000000000005,sell,market
2026-09-12T18:45:46,3518,954,2.7599999999999945,sell,market
2026-09-12T18:45:46,3518,954,10.240000000000009,sell,stop
2026-09-12T18:45:46,3518,953,15.04999999999999,sell,stop
2026-09-12T18:45:46,3518,953,18.19,sell,stop
2026-09-12T18:45:46,3518,953,8.800000000000008,sell,stop
2026-09-12T18:45:46,3518,952,11.809999999999992,sell,stop
2026-09-12T18:45:46,3518,952,16.9,sell,stop
2026-09-12T18:45:46,3518,952,12.91,sell,stop
2026-09-12T18:45:46,3518,952,10.300000000000015,sell,stop
2026-09-12T18:45:46,3518,951,5.469999999999985,sell,stop
2026-09-12T18:45:46,3518,951,14.12,sell,stop
2026-09-12T18:45:46,3518,951,6.38,sell,stop
2026-09-12T18:45:46,3518,951,11.030000000000019,sell,stop
2026-09-12T18:45:46,3518,950,1.5999999999999819,sell,stop
2026-09-12T18:45:46,3518,950,23.09,sell,stop
2026-09-12T18:45:46,3518,950,12.91,sell,stop
2026-09-12T18:45:46,3518,950,16.43000000000002,sell,stop
2026-09-12T18:45:46,3518,949,10.29999999999998,sell,stop
2026-09-12T18:45:46,3518,949,17.78,sell,stop
2026-09-12T18:45:46,3518,949,10.28,sell,stop
2026-09-12T18:45:46,3518,949,13.180000000000023,sell,stop
2026-09-12T18:45:46,3518,948,3.189999999999978,sell,stop
2026-09-12T18:45:46,3518,948,13.16,sell,stop
2026-09-12T18:45:46,3518,948,9.32,sell,stop
2026-09-12T18:45:46,3528,953,21.43,buy,market
2026-09-12T18:45:46,3528,948,21.43,sell,stop
2026-09-12T18:45:46,3530,953,5.49,buy,market
2026-09-12T18:45:46,3530,948,5.49,sell,stop
2026-09-12T18:45:46,3531,948,11.82,sell,market
2026-09-12T18:45:46,3531,953,11.82,buy,stop
2026-09-12T18:45:46,3532,953,10.46,buy,market
2026-09-12T18:45:46,3532,954,4.639999999999999,buy,market
2026-09-12T18:45:46,3533,949,20.64,sell,market
2026-09-12T18:45:46,3534,949,7.79,sell,market
2026-09-12T18:45:46,3541,949,4.929999999999999,sell,market
2026-09-12T18:45:46,3541,948,15.619999999999997,sell,market
2026-09-12T18:45:46,3541,947,0.9200000000000017,sell,market
2026-09-12T18:45:46,3541,947,10.48,sell,stop
2026-09-12T18:45:46,3541,947,15.1,sell,stop
2026-09-12T18:45:46,3543,947,9.32,sell,market
2026-09-12T18:45:46,3544,952,9.48,buy,market
2026-09-12T18:45:46,3546,947,12.18,sell,market
2026-09-12T18:45:46,3553,952,14.59,buy,market
2026-09-12T18:45:46,3554,947,19.12,sell,market
2026-09-12T18:45:46,3562,952,15.4,buy,market
2026-09-12T18:45:46,3565,952,12.66,buy,market
2026-09-12T18:45:46,3570,947,15.56,sell,market
2026-09-12T18:45:46,3572,952,7.879999999999999,buy,market
2026-09-12T18:45:46,3572,953,6.24,buy,market
2026-09-12T18:45:46,3572,953,9.32,buy,stop
2026-09-12T18:45:46,3575,948,9.2,sell,market
2026-09-12T18:45:46,3576,953,10.92,buy,market
2026-09-12T18:45:46,3580,953,10.51,buy,market
2026-09-12T18:45:46,3584,953,20.62,buy,market
2026-09-12T18:45:46,3585,948,21.52,sell,market
2026-09-12T18:45:46,3586,953,9.120000000000001,buy,market
2026-09-12T18:45:46,3586,954,9.66,buy,market
2026-09-12T18:45:46,3586,954,19.12,buy,stop
2026-09-12T18:45:46,3586,954,9.2,buy,stop
2026-09-12T18:45:46,3587,954,14.29,buy,market
2026-09-12T18:45:46,3593,954,2.3100000000000023,buy,market
2026-09-12T18:45:46,3593,955,8.569999999999999,buy,market
2026-09-12T18:45:46,3593,955,7.79,buy,stop
2026-09-12T18:45:46,3600,955,20.0,buy,market
2026-09-12T18:45:46,3600,950,20.0,sell,stop
2026-09-12T18:45:46,3601,950,16.19,sell,market
2026-09-12T18:45:46,3604,950,21.63,sell,market
2026-09-12T18:45:46,3604,955,21.63,buy,stop
2026-09-12T18:45:46,3609,955,14.41,buy,market
2026-09-12T18:45:46,3610,950,15.44,sell,market
2026-09-12T18:45:46,3612,950,6.2,sell,market
2026-09-12T18:45:46,3617,950,6.940000000000002,sell,market
2026-09-12T18:45:46,3617,949,10.09,sell,market
2026-09-12T18:45:46,3618,954,13.78,buy,market
2026-09-12T18:45:46,3622,954,21.949999999999996,buy,market
2026-09-12T18:45:46,3622,955,1.8900000000000041,buy,market
2026-09-12T18:45:46,3623,950,15.28,sell,market
2026-09-12T18:45:46,3624,950,8.4,sell,market
2026-09-12T18:45:46,3625,950,19.84,sell,market
2026-09-12T18:45:46,3626,950,3.389999999999997,sell,market
2026-09-12T18:45:46,3626,949,13.540000000000003,sell,market
2026-09-12T18:45:46,3633,954,27.59,buy,market
2026-09-12T18:45:46,3636,949,15.48,sell,market
2026-09-12T18:45:46,3645,954,11.760000000000002,buy,market
2026-09-12T18:45:46,3645,955,4.299999999999997,buy,market
2026-09-12T18:45:46,3655,955,16.13,buy,market
2026-09-12T18:45:46,3658,955,15.73,buy,market
2026-09-12T18:45:46,3661,955,1.2900000000000063,buy,market
2026-09-12T18:45:46,3661,956,14.249999999999993,buy,market
2026-09-12T18:45:46,3661,956,6.2400000000000055,buy,stop
2026-09-12T18:45:46,3661,957,9.319999999999995,buy,stop
2026-09-12T18:45:46,3661,957,12.18,buy,stop
2026-09-12T18:45:46,3661,957,21.52,buy,stop
2026-09-12T18:45:46,3661,957,6.660000000000007,buy,stop
2026-09-12T18:45:46,3661,958,8.779999999999992,buy,stop
2026-09-12T18:45:46,3661,958,20.64,buy,stop
2026-09-12T18:45:46,3661,958,21.47,buy,stop
2026-09-12T18:45:46,3661,958,5.260000000000005,buy,stop
2026-09-12T18:45:46,3661,959,11.769999999999996,buy,stop
2026-09-12T18:45:46,3661,959,8.800000000000004,buy,stop
2026-09-12T18:45:46,3661,960,9.539999999999996,buy,stop
2026-09-12T18:45:46,3661,960,16.19,buy,stop
2026-09-12T18:45:46,3661,960,6.2,buy,stop
2026-09-12T18:45:46,3661,960,5.2100000000000035,buy,stop
2026-09-12T18:45:46,3661,961,10.069999999999997,buy,stop
2026-09-12T18:45:46,3661,961,8.4,buy,stop
2026-09-12T18:45:46,3661,961,19.84,buy,stop
2026-09-12T18:45:46,3661,961,8.540000000000003,buy,stop
2026-09-12T18:45:46,3661,962,6.939999999999998,buy,stop
2026-09-12T18:45:46,3661,962,5.97,buy,stop
2026-09-12T18:45:46,3661,962,13.510000000000005,buy,stop
2026-09-12T18:45:46,3661,963,3.4199999999999946,buy,stop
2026-09-12T18:45:46,3661,963,20.81,buy,stop
2026-09-12T18:45:46,3661,963,13.09,buy,stop
2026-09-12T18:45:46,3664,958,17.6,sell,market
2026-09-12T18:45:46,3665,958,14.82,sell,market
2026-09-12T18:45:46,3666,958,24.32,sell,market
2026-09-12T18:45:46,3666,957,0.3200000000000003,sell,market
2026-09-12T18:45:46,3668,962,11.44,buy,market
2026-09-12T18:45:46,3668,957,11.44,sell,stop
2026-09-12T18:45:46,3669,962,16.96,buy,market
2026-09-12T18:45:46,3670,957,8.86,sell,market
2026-09-12T18:45:46,3678,957,27.52,sell,market
2026-09-12T18:45:46,3683,962,17.69,buy,market
2026-09-12T18:45:46,3687,962,17.25,buy,market
2026-09-12T18:45:46,3696,962,9.3,buy,market
2026-09-12T18:45:46,3697,962,1.4099999999999966,buy,market
2026-09-12T18:45:46,3697,963,11.650000000000004,buy,market
2026-09-12T18:45:46,3698,958,11.49,sell,market
2026-09-12T18:45:46,3700,958,19.21,sell,market
2026-09-12T18:45:46,3700,957,2.460000000000001,sell,market
2026-09-12T18:45:46,3701,957,16.25,sell,market
2026-09-12T18:45:46,3701,956,4.780000000000001,sell,market
2026-09-12T18:45:46,3701,961,21.03,buy,stop
2026-09-12T18:45:46,3703,961,10.55,buy,market
2026-09-12T18:45:46,3704,956,19.84,sell,market
2026-09-12T18:45:46,3704,961,13.469999999999995,buy,stop
2026-09-12T18:45:46,3704,962,6.3700000000000045,buy,stop
2026-09-12T18:45:46,3707,957,15.06,sell,market
2026-09-12T18:45:46,3709,957,7.69,sell,market
2026-09-12T18:45:46,3711,957,18.8,sell,market
2026-09-12T18:45:46,3711,962,18.8,buy,stop
2026-09-12T18:45:46,3712,957,12.04,sell,market
2026-09-12T18:45:46,3712,956,1.9600000000000009,sell,market
2026-09-12T18:45:46,3713,956,8.149999999999995,sell,market
2026-09-12T18:45:46,3713,955,6.770000000000005,sell,market
2026-09-12T18:45:46,3714,955,8.82,sell,market
2026-09-12T18:45:46,3718,955,16.729999999999997,sell,market
2026-09-12T18:45:46,3718,954,5.470000000000002,sell,market
2026-09-12T18:45:46,3718,954,16.96,sell,stop
2026-09-12T18:45:46,3718,954,9.3,sell,stop
2026-09-12T18:45:46,3718,954,2.509999999999998,sell,stop
2026-09-12T18:45:46,3718,953,10.550000000000002,sell,stop
2026-09-12T18:45:46,3718,953,17.25,sell,stop
2026-09-12T18:45:46,3727,958,8.11,buy,market
2026-09-12T18:45:46,3732,958,4.960000000000001,buy,market
2026-09-12T18:45:46,3732,959,3.5699999999999985,buy,market
2026-09-12T18:45:46,3737,954,19.6,sell,market
2026-09-12T18:45:46,3740,954,9.44,sell,market
2026-09-12T18:45:46,3754,959,1.57,buy,market
2026-09-12T18:45:46,3754,954,0.9000000000000004,sell,stop
2026-09-12T18:45:46,3754,953,0.6699999999999997,sell,stop
2026-09-12T18:45:46,3756,953,11.34,sell,market
2026-09-12T18:45:46,3757,953,15.61,sell,market
2026-09-12T18:45:46,3758,953,12.539999999999996,sell,market
2026-09-12T18:45:46,3758,952,14.100000000000005,sell,market
2026-09-12T18:45:46,3761,957,15.8,buy,market
2026-09-12T18:45:46,3761,952,15.8,sell,stop
2026-09-12T18:45:46,3763,952,14.73,sell,market
2026-09-12T18:45:46,3770,952,2.819999999999993,sell,market
2026-09-12T18:45:46,3770,951,6.180000000000007,sell,market
2026-09-12T18:45:46,3770,951,17.69,sell,stop
2026-09-12T18:45:46,3770,951,10.55,sell,stop
2026-09-12T18:45:46,3771,956,12.26,buy,market
2026-09-12T18:45:46,3771,957,1.700000000000001,buy,market
2026-09-12T18:45:46,3773,952,10.56,sell,market
2026-09-12T18:45:46,3780,957,11.64,buy,market
2026-09-12T18:45:46,3785,952,9.83,sell,market
2026-09-12T18:45:46,3786,952,20.61,sell,market
2026-09-12T18:45:46,3786,951,0.28000000000000114,sell,market
2026-09-12T18:45:46,3789,951,7.62,sell,market
2026-09-12T18:45:46,3789,956,7.62,buy,stop
2026-09-12T18:45:46,3793,951,0.43999999999998796,sell,market
2026-09-12T18:45:46,3793,950,19.600000000000012,sell,market
2026-09-12T18:45:46,3796,950,13.7,sell,market
2026-09-12T18:45:46,3802,950,6.3,sell,market
2026-09-12T18:45:46,3803,955,14.51,buy,market
2026-09-12T18:45:46,3806,950,23.61,sell,market
2026-09-12T18:45:46,3808,955,9.72,buy,market
2026-09-12T18:45:46,3814,955,19.68,buy,market
2026-09-12T18:45:46,3814,956,1.6999999999999993,buy,market
2026-09-12T18:45:46,3821,956,16.15,buy,market
2026-09-12T18:45:46,3823,956,12.9,buy,market
2026-09-12T18:45:46,3828,956,11.95,buy,market
2026-09-12T18:45:46,3828,951,11.95,sell,stop
2026-09-12T18:45:46,3830,951,20.1,sell,market
2026-09-12T18:45:46,3831,956,18.89,buy,market
2026-09-12T18:45:46,3832,951,4.02,sell,market
2026-09-12T18:45:46,3832,950,4.460000000000001,sell,market
2026-09-12T18:45:46,3833,955,12.43,buy,market
2026-09-12T18:45:46,3835,950,12.560000000000002,sell,market
2026-09-12T18:45:46,3835,949,4.029999999999998,sell,market
2026-09-12T18:45:46,3835,949,8.53,sell,stop
2026-09-12T18:45:46,3835,949,13.96,sell,stop
2026-09-12T18:45:46,3835,949,9.72,sell,stop
2026-09-12T18:45:46,3835,949,12.720000000000004,sell,stop
2026-09-12T18:45:46,3835,948,6.169999999999996,sell,stop
2026-09-12T18:45:46,3835,948,15.73,sell,stop
2026-09-12T18:45:46,3835,948,8.11,sell,stop
2026-09-12T18:45:46,3835,948,14.51,sell,stop
2026-09-12T18:45:46,3839,953,21.89,buy,market
2026-09-12T18:45:46,3842,953,18.38,buy,market
2026-09-12T18:45:46,3844,953,0.379999999999999,buy,market
2026-09-12T18:45:46,3844,954,11.16,buy,market
2026-09-12T18:45:46,3846,954,17.97,buy,market
2026-09-12T18:45:46,3847,954,16.010000000000005,buy,market
2026-09-12T18:45:46,3847,955,4.189999999999994,buy,market
2026-09-12T18:45:46,3857,950,18.54,sell,market
2026-09-12T18:45:46,3860,955,7.45,buy,market
2026-09-12T18:45:46,3862,955,3.900000000000005,buy,market
2026-09-12T18:45:46,3862,956,22.649999999999995,buy,market
2026-09-12T18:45:46,3862,956,8.48,buy,stop
2026-09-12T18:45:46,3868,951,14.83,sell,market
2026-09-12T18:45:46,3870,956,17.56,buy,market
2026-09-12T18:45:46,3872,956,4.06,buy,market
2026-09-12T18:45:46,3874,956,11.1,buy,market
2026-09-12T18:45:46,3874,951,11.1,sell,stop
2026-09-12T18:45:46,3877,956,7.940000000000014,buy,market
2026-09-12T18:45:46,3877,957,12.429999999999987,buy,market
2026-09-12T18:45:46,3877,957,18.73000000000001,buy,stop
2026-09-12T18:45:46,3877,958,4.879999999999988,buy,stop
2026-09-12T18:45:46,3877,958,20.89,buy,stop
2026-09-12T18:45:46,3877,958,20.04,buy,stop
2026-09-12T18:45:46,3877,958,0.28000000000001535,buy,stop
2026-09-12T18:45:46,3877,959,13.419999999999984,buy,stop
2026-09-12T18:45:46,3877,959,16.59,buy,stop
2026-09-12T18:45:46,3877,959,7.380000000000017,buy,stop
2026-09-12T18:45:46,3877,960,11.159999999999982,buy,stop
2026-09-12T18:45:46,3877,960,15.61,buy,stop
2026-09-12T18:45:46,3877,960,0.3300000000000196,buy,stop
2026-09-12T18:45:46,3877,961,26.30999999999998,buy,stop
2026-09-12T18:45:46,3877,961,9.40000000000002,buy,stop
2026-09-12T18:45:46,3877,962,5.51999999999998,buy,stop
2026-09-12T18:45:46,3877,962,19.6,buy,stop
2026-09-12T18:45:46,3877,962,11.34,buy,stop
2026-09-12T18:45:46,3877,962,14.73,buy,stop
2026-09-12T18:45:46,3877,962,10.56,buy,stop
2026-09-12T18:45:46,3877,962,0.8800000000000185,buy,stop
2026-09-12T18:45:46,3877,963,8.949999999999982,buy,stop
2026-09-12T18:45:46,3877,963,8.82,buy,stop
2026-09-12T18:45:46,3877,963,22.2,buy,stop
2026-09-12T18:45:46,3877,963,6.3,buy,stop
2026-09-12T18:45:46,3877,963,5.62000000000002,buy,stop
2026-09-12T18:45:46,3877,964,14.479999999999983,buy,stop
2026-09-12T18:45:46,3877,964,15.41,buy,stop
2026-09-12T18:45:46,3877,964,9.52,buy,stop
2026-09-12T18:45:46,3877,964,3.410000000000018,buy,stop
2026-09-12T18:45:46,3877,965,15.909999999999982,buy,stop
2026-09-12T18:45:46,3877,965,14.93,buy,stop
2026-09-12T18:45:46,3877,965,9.86,buy,stop
2026-09-12T18:45:46,3877,965,11.090000000000018,buy,stop
2026-09-12T18:45:46,3877,966,12.769999999999982,buy,stop
2026-09-12T18:45:46,3877,966,12.88,buy,stop
2026-09-12T18:45:46,3877,966,1.43,buy,stop
2026-09-12T18:45:46,3877,966,4.720000000000018,buy,stop
2026-09-12T18:45:46,3877,967,14.68,buy,stop
2026-09-12T18:45:46,3877,968,0.3299999999999823,buy,stop
2026-09-12T18:45:46,3877,968,13.98,buy,stop
2026-09-12T18:45:46,3877,968,11.83,buy,stop
2026-09-12T18:45:46,3877,968,15.500000000000016,buy,stop
2026-09-12T18:45:46,3877,969,12.019999999999984,buy,stop
2026-09-12T18:45:46,3877,969,24.64,buy,stop
2026-09-12T18:45:46,3877,969,4.010000000000019,buy,stop
2026-09-12T18:45:46,3877,970,11.049999999999981,buy,stop
2026-09-12T18:45:46,3877,970,7.440000000000017,buy,stop
2026-09-12T18:45:46,3877,971,6.559999999999983,buy,stop
2026-09-12T18:45:46,3877,971,13.810000000000018,buy,stop
2026-09-12T18:45:46,3877,972,2.169999999999982,buy,stop
2026-09-12T18:45:46,3877,972,9.44,buy,stop
2026-09-12T18:45:46,3877,972,9.0,buy,stop
2026-09-12T18:45:46,3877,972,12.230000000000025,buy,stop
2026-09-12T18:45:46,3877,973,2.5999999999999748,buy,stop
2026-09-12T18:45:46,3881,973,20.63,buy,market
2026-09-12T18:45:46,3884,968,11.13,sell,market
2026-09-12T18:45:46,3889,973,5.920000000000027,buy,market
2026-09-12T18:45:46,3889,974,3.439999999999973,buy,market
2026-09-12T18:45:46,3889,974,11.13,buy,stop
2026-09-12T18:45:46,3890,974,4.65,buy,market
2026-09-12T18:45:46,3891,969,19.21,sell,market
2026-09-12T18:45:46,3896,969,11.28,sell,market
2026-09-12T18:45:46,3902,969,19.47,sell,market
2026-09-12T18:45:46,3902,968,1.8900000000000006,sell,market
2026-09-12T18:45:46,3906,973,21.23,buy,market
2026-09-12T18:45:46,3908,973,7.419999999999998,buy,market
2026-09-12T18:45:46,3908,974,3.280000000000001,buy,market
2026-09-12T18:45:46,3910,974,10.860000000000026,buy,market
2026-09-12T18:45:46,3910,975,6.499999999999973,buy,market
2026-09-12T18:45:46,3910,975,19.21,buy,stop
2026-09-12T18:45:46,3911,975,11.400000000000027,buy,market
2026-09-12T18:45:46,3911,976,1.9799999999999738,buy,market
2026-09-12T18:45:46,3911,976,21.36,buy,stop
2026-09-12T18:45:46,3915,971,11.7,sell,market
2026-09-12T18:45:46,3916,971,11.43,sell,market
2026-09-12T18:45:46,3918,971,6.13,sell,market
2026-09-12T18:45:46,3921,971,13.02,sell,market
2026-09-12T18:45:46,3922,976,11.28,buy,market
2026-09-12T18:45:46,3929,976,7.63,buy,market
2026-09-12T18:45:46,3931,976,7.86,buy,market
2026-09-12T18:45:46,3934,971,14.16,sell,market
2026-09-12T18:45:46,3945,971,7.7,sell,market
2026-09-12T18:45:46,3948,976,10.8,buy,market
2026-09-12T18:45:46,3954,971,26.13,sell,market
2026-09-12T18:45:46,3957,971,14.7,sell,market
2026-09-12T18:45:46,3962,976,13.33,buy,market
2026-09-12T18:45:46,3964,976,4.31,buy,market
2026-09-12T18:45:46,3971,976,6.209999999999998,buy,market
2026-09-12T18:45:46,3971,977,15.440000000000001,buy,market
2026-09-12T18:45:46,3971,977,11.28,buy,stop
2026-09-12T18:45:46,3972,977,4.08,buy,market
2026-09-12T18:45:46,3972,978,15.159999999999998,buy,market
2026-09-12T18:45:46,3972,978,11.7,buy,stop
2026-09-12T18:45:46,3972,978,13.02,buy,stop
2026-09-12T18:45:46,3972,978,4.170000000000002,buy,stop
2026-09-12T18:45:46,3972,979,9.989999999999998,buy,stop
2026-09-12T18:45:46,3972,979,11.43,buy,stop
2026-09-12T18:45:46,3972,979,7.7,buy,stop
2026-09-12T18:45:46,3973,979,4.060000000000001,buy,market
2026-09-12T18:45:46,3973,980,16.65,buy,market
2026-09-12T18:45:46,3973,980,14.7,buy,stop
2026-09-12T18:45:46,3975,975,11.89,sell,market
2026-09-12T18:45:46,3977,975,14.64,sell,market
2026-09-12T18:45:46,3980,980,6.960000000000004,buy,market
2026-09-12T18:45:46,3980,981,9.769999999999996,buy,market
2026-09-12T18:45:46,3980,981,6.13,buy,stop
2026-09-12T18:45:46,3980,981,11.89,buy,stop
2026-09-12T18:45:46,3982,976,12.68,sell,market
2026-09-12T18:45:46,3983,976,11.42,sell,market
2026-09-12T18:45:46,3984,981,13.58,buy,market
2026-09-12T18:45:46,3986,976,10.750000000000002,sell,market
2026-09-12T18:45:46,3986,975,3.879999999999999,sell,market
2026-09-12T18:45:46,3989,975,25.13,sell,market
2026-09-12T18:45:46,3990,980,11.59,buy,market
2026-09-12T18:45:46,3991,980,5.66,buy,market
2026-09-12T18:45:46,3998,975,2.4800000000000004,sell,market
2026-09-12T18:45:46,3998,974,2.1799999999999997,sell,market
2026-09-12T18:45:46,4005,979,17.11,buy,market
2026-09-12T18:45:46,4007,974,12.26,sell,market
2026-09-12T18:45:46,4007,979,12.26,buy,stop
2026-09-12T18:45:46,4010,974,10.16,sell,market
2026-09-12T18:45:46,4020,974,9.35,sell,market
2026-09-12T18:45:46,4022,979,11.38,buy,market
2026-09-12T18:45:46,4022,980,5.85,buy,market
2026-09-12T18:45:46,4022,975,17.23,sell,stop
2026-09-12T18:45:46,4023,980,19.46,buy,market
2026-09-12T18:45:46,4025,980,0.17999999999999972,buy,market
2026-09-12T18:45:46,4025,981,15.15,buy,market
2026-09-12T18:45:46,4027,976,20.91,sell,market
2026-09-12T18:45:46,4036,981,8.27,buy,market
2026-09-12T18:45:46,4041,981,16.68,buy,market
2026-09-12T18:45:46,4047,981,9.3,buy,market
2026-09-12T18:45:46,4049,981,19.07,buy,market
2026-09-12T18:45:46,4052,981,5.199999999999999,buy,market
2026-09-12T18:45:46,4052,982,14.0,buy,market
2026-09-12T18:45:46,4052,982,12.68,buy,stop
2026-09-12T18:45:46,4052,982,4.66,buy,stop
2026-09-12T18:45:46,4052,977,19.2,sell,stop
2026-09-12T18:45:46,4054,982,8.080000000000002,buy,market
2026-09-12T18:45:46,4054,983,8.729999999999997,buy,market
2026-09-12T18:45:46,4054,983,26.13,buy,stop
2026-09-12T18:45:46,4054,983,10.930000000000003,buy,stop
2026-09-12T18:45:46,4054,984,14.199999999999996,buy,stop
2026-09-12T18:45:46,4054,984,10.16,buy,stop
2026-09-12T18:45:46,4054,984,9.35,buy,stop
2026-09-12T18:45:46,4054,984,1.7500000000000053,buy,stop
2026-09-12T18:45:46,4054,985,19.159999999999997,buy,stop
2026-09-12T18:45:46,4054,985,14.64,buy,stop
2026-09-12T18:45:46,4054,985,14.63,buy,stop
2026-09-12T18:45:46,4057,985,6.03,buy,market
2026-09-12T18:45:46,4059,985,3.1999999999999984,buy,market
2026-09-12T18:45:46,4059,986,11.98,buy,market
2026-09-12T18:45:46,4064,986,15.37,buy,market
2026-09-12T18:45:46,4066,986,11.44,buy,market
2026-09-12T18:45:46,4066,981,11.44,sell,stop
2026-09-12T18:45:46,4073,986,10.58,buy,market
2026-09-12T18:45:46,4077,986,14.960000000000006,buy,market
2026-09-12T18:45:46,4077,987,3.1399999999999952,buy,market
2026-09-12T18:45:46,4077,987,11.42,buy,stop
2026-09-12T18:45:46,4078,987,6.84,buy,market
2026-09-12T18:45:46,4081,987,14.01,buy,market
2026-09-12T18:45:46,4084,987,14.84,buy,market
2026-09-12T18:45:46,4091,982,17.73,sell,market
2026-09-12T18:45:46,4094,982,14.27,sell,market
2026-09-12T18:45:46,4095,987,21.54,buy,market
2026-09-12T18:45:46,4096,982,3.1700000000000017,sell,market
2026-09-12T18:45:46,4096,981,7.599999999999998,sell,market
2026-09-12T18:45:46,4096,981,6.84,sell,stop
2026-09-12T18:45:46,4102,986,20.5,buy,market
2026-09-12T18:45:46,4102,981,6.940000000000001,sell,stop
2026-09-12T18:45:46,4102,980,13.559999999999999,sell,stop
2026-09-12T18:45:46,4104,985,17.31,buy,market
2026-09-12T18:45:46,4105,985,12.56,buy,market
2026-09-12T18:45:46,4111,985,7.62,buy,market
2026-09-12T18:45:46,4114,985,10.000000000000004,buy,market
2026-09-12T18:45:46,4114,986,6.439999999999998,buy,market
2026-09-12T18:45:46,4115,986,12.33,buy,market
2026-09-12T18:45:46,4120,981,19.61,sell,market
2026-09-12T18:45:46,4123,986,14.95,buy,market
2026-09-12T18:45:46,4124,981,20.46,sell,market
2026-09-12T18:45:46,4128,986,12.84,buy,market
2026-09-12T18:45:46,4128,987,3.0199999999999996,buy,market
2026-09-12T18:45:46,4128,987,19.61,buy,stop
2026-09-12T18:45:46,4133,987,16.97,buy,market
2026-09-12T18:45:46,4144,987,6.469999999999999,buy,market
2026-09-12T18:45:46,4144,988,7.790000000000001,buy,market
2026-09-12T18:45:46,4144,988,10.77,buy,stop
2026-09-12T18:45:46,4148,988,1.9000000000000004,buy,market
2026-09-12T18:45:46,4148,989,13.06,buy,market
2026-09-12T18:45:46,4148,989,17.73,buy,stop
2026-09-12T18:45:46,4153,989,14.139999999999997,buy,market
2026-09-12T18:45:46,4153,990,0.5600000000000023,buy,market
2026-09-12T18:45:46,4153,990,14.27,buy,stop
2026-09-12T18:45:46,4153,990,17.99,buy,stop
2026-09-12T18:45:46,4153,991,2.4700000000000024,buy,stop
2026-09-12T18:45:46,4154,986,17.27,sell,market
2026-09-12T18:45:46,4161,986,17.05,sell,market
2026-09-12T18:45:46,4161,985,3.2799999999999976,sell,market
2026-09-12T18:45:46,4169,990,16.28,buy,market
2026-09-12T18:45:46,4171,990,11.309999999999999,buy,market
2026-09-12T18:45:46,4171,991,6.75,buy,market
2026-09-12T18:45:46,4173,991,20.79,buy,market
2026-09-12T18:45:46,4174,991,10.43,buy,market
2026-09-12T18:45:46,4174,992,5.800000000000001,buy,market
2026-09-12T18:45:46,4175,992,18.92,buy,market
2026-09-12T18:45:46,4178,992,15.929999999999993,buy,market
2026-09-12T18:45:46,4178,993,7.280000000000008,buy,market
2026-09-12T18:45:46,4179,993,1.0,buy,market
2026-09-12T18:45:46,4191,993,13.74,buy,market
2026-09-12T18:45:46,4199,993,14.13,buy,market
2026-09-12T18:45:46,4200,993,23.35,buy,market
2026-09-12T18:45:46,4203,993,9.409999999999997,buy,market
2026-09-12T18:45:46,4203,994,0.860000000000003,buy,market
2026-09-12T18:45:46,4204,994,18.23,buy,market
2026-09-12T18:45:46,4214,994,13.45,buy,market
2026-09-12T18:45:46,4219,989,17.97,sell,market
2026-09-12T18:45:46,4220,994,14.79,buy,market
2026-09-12T18:45:46,4223,989,26.05,sell,market
2026-09-12T18:45:46,4224,994,4.929999999999989,buy,market
2026-09-12T18:45:46,4224,995,2.900000000000011,buy,market
2026-09-12T18:45:46,4224,995,20.33,buy,stop
2026-09-12T18:45:46,4225,990,15.95,sell,market
2026-09-12T18:45:46,4226,995,5.23,buy,market
2026-09-12T18:45:46,4232,995,15.94,buy,market
2026-09-12T18:45:46,4234,995,5.179999999999987,buy,market
2026-09-12T18:45:46,4234,996,8.200000000000014,buy,market
2026-09-12T18:45:46,4234,996,20.709999999999987,buy,stop
2026-09-12T18:45:46,4234,997,5.340000000000014,buy,stop
2026-09-12T18:45:46,4234,997,17.27,buy,stop
2026-09-12T18:45:46,4234,997,15.95,buy,stop
2026-09-12T18:45:46,4242,997,1.029999999999987,buy,market
2026-09-12T18:45:46,4242,998,17.250000000000014,buy,market
2026-09-12T18:45:46,4242,993,18.28,sell,stop
2026-09-12T18:45:46,4243,998,21.6,buy,market
2026-09-12T18:45:46,4245,998,14.31,buy,market
2026-09-12T18:45:46,4246,993,14.229999999999997,sell,market
2026-09-12T18:45:46,4246,992,1.480000000000004,sell,market
2026-09-12T18:45:46,4247,997,7.89,buy,market
2026-09-12T18:45:46,4253,992,19.71,sell,market
2026-09-12T18:45:46,4256,997,20.87,buy,market
2026-09-12T18:45:46,4262,992,14.9,sell,market
2026-09-12T18:45:46,4268,997,10.429999999999996,buy,market
2026-09-12T18:45:46,4268,998,0.6799999999999873,buy,market
2026-09-12T18:45:46,4268,999,9.180000000000016,buy,market
2026-09-12T18:45:46,4276,999,7.829999999999986,buy,market
2026-09-12T18:45:46,4276,1000,7.800000000000015,buy,market
2026-09-12T18:45:46,4276,1000,19.71,buy,stop
2026-09-12T18:45:46,4278,1000,14.76,buy,market
2026-09-12T18:45:46,4278,995,14.76,sell,stop
2026-09-12T18:45:46,4280,995,23.54,sell,market
2026-09-12T18:45:46,4285,1000,2.3199999999999914,buy,market
2026-09-12T18:45:46,4285,1001,11.300000000000008,buy,market
2026-09-12T18:45:46,4287,1001,24.12,buy,market
2026-09-12T18:45:46,4288,1001,13.579999999999988,buy,market
2026-09-12T18:45:46,4288,1002,4.7000000000000135,buy,market
2026-09-12T18:45:46,4288,1002,15.71,buy,stop
2026-09-12T18:45:46,4290,1002,5.37,buy,market
2026-09-12T18:45:46,4292,1002,10.32,buy,market
2026-09-12T18:45:46,4293,997,12.92,sell,market
2026-09-12T18:45:46,4293,1002,11.049999999999986,buy,stop
2026-09-12T18:45:46,4293,1003,1.8700000000000134,buy,stop
2026-09-12T18:45:46,4293,1003,17.97,buy,stop
2026-09-12T18:45:46,4294,1003,26.54,buy,market
2026-09-12T18:45:46,4296,1003,1.009999999999991,buy,market
2026-09-12T18:45:46,4296,1004,15.530000000000008,buy,market
2026-09-12T18:45:46,4296,999,16.54,sell,stop
2026-09-12T18:45:46,4301,1004,10.04999999999999,buy,market
2026-09-12T18:45:46,4301,1005,16.06000000000001,buy,market
2026-09-12T18:45:46,4301,1005,14.9,buy,stop
2026-09-12T18:45:46,4301,1005,12.269999999999987,buy,stop
2026-09-12T18:45:46,4301,1006,11.270000000000012,buy,stop
2026-09-12T18:45:46,4302,1001,17.77,sell,market
2026-09-12T18:45:46,4303,1006,16.13,buy,market
2026-09-12T18:45:46,4306,1006,3.28,buy,market
2026-09-12T18:45:46,4307,1006,0.3499999999999921,buy,market
2026-09-12T18:45:46,4307,1007,17.58000000000001,buy,market
2026-09-12T18:45:46,4307,1002,17.93,sell,stop
2026-09-12T18:45:46,4309,1007,15.25,buy,market
2026-09-12T18:45:46,4318,1007,9.51,buy,market
2026-09-12T18:45:46,4325,1007,9.04,buy,market
2026-09-12T18:45:46,4329,1007,8.469999999999999,buy,market
2026-09-12T18:45:46,4329,1008,3.860000000000001,buy,market
2026-09-12T18:45:46,4331,1008,7.34,buy,market
2026-09-12T18:45:46,4333,1008,12.86,buy,market
2026-09-12T18:45:46,4333,1003,12.86,sell,stop
2026-09-12T18:45:46,4335,1008,7.790000000000003,buy,market
2026-09-12T18:45:46,4335,1009,8.159999999999997,buy,market
2026-09-12T18:45:46,4336,1009,13.71,buy,market
2026-09-12T18:45:46,4342,1009,14.98,buy,market
2026-09-12T18:45:46,4348,1009,1.3399999999999999,buy,market
2026-09-12T18:45:46,4348,1010,19.47,buy,market
2026-09-12T18:45:46,4348,1010,17.77,buy,stop
2026-09-12T18:45:46,4352,1010,14.52,buy,market
2026-09-12T18:45:46,4352,1011,4.5,buy,market
2026-09-12T18:45:46,4355,1006,21.48,sell,market
2026-09-12T18:45:46,4357,1011,9.78,buy,market
2026-09-12T18:45:46,4357,1006,9.78,sell,stop
2026-09-12T18:45:46,4360,1011,7.82,buy,market
2026-09-12T18:45:46,4361,1011,13.86,buy,market
2026-09-12T18:45:46,4364,1006,14.940000000000003,sell,market
2026-09-12T18:45:46,4364,1005,8.019999999999998,sell,market
2026-09-12T18:45:46,4367,1010,19.33,buy,market
2026-09-12T18:45:46,4374,1010,15.84,buy,market
2026-09-12T18:45:46,4377,1005,8.99,sell,market
2026-09-12T18:45:46,4378,1010,0.019999999999999574,buy,market
2026-09-12T18:45:46,4378,1011,11.66,buy,market
2026-09-12T18:45:46,4381,1011,4.02,buy,market
2026-09-12T18:45:46,4381,1012,6.18,buy,market
2026-09-12T18:45:46,4381,1012,8.99,buy,stop
2026-09-12T18:45:46,4385,1012,9.95,buy,market
2026-09-12T18:45:46,4390,1012,7.169999999999998,buy,market
2026-09-12T18:45:46,4390,1013,12.100000000000001,buy,market
2026-09-12T18:45:46,4393,1013,9.27,buy,market
2026-09-12T18:45:46,4393,1014,5.860000000000001,buy,market
2026-09-12T18:45:46,4393,1014,18.22,buy,stop
2026-09-12T18:45:46,4393,1015,4.740000000000002,buy,stop
2026-09-12T18:45:46,4393,1015,21.48,buy,stop
2026-09-12T18:45:46,4398,1015,7.139999999999997,buy,market
2026-09-12T18:45:46,4398,1016,3.650000000000002,buy,market
2026-09-12T18:45:46,4399,1016,12.5,buy,market
2026-09-12T18:45:46,4401,1016,12.65,buy,market
2026-09-12T18:45:46,4402,1016,14.49,buy,market
2026-09-12T18:45:46,4402,1017,0.5299999999999994,buy,market
2026-09-12T18:45:46,4403,1012,16.29,sell,market
2026-09-12T18:45:46,4408,1012,15.02,sell,market
2026-09-12T18:45:46,4410,1017,8.66,buy,market
2026-09-12T18:45:46,4411,1017,14.34,buy,market
2026-09-12T18:45:46,4412,1017,3.960000000000001,buy,market
2026-09-12T18:45:46,4412,1018,16.8,buy,market
2026-09-12T18:45:46,4415,1018,13.03,buy,market
2026-09-12T18:45:46,4417,1018,6.450000000000001,buy,market
2026-09-12T18:45:46,4417,1019,18.159999999999997,buy,market
2026-09-12T18:45:46,4419,1019,14.95,buy,market
2026-09-12T18:45:46,4421,1014,15.2,sell,market
2026-09-12T18:45:46,4421,1019,4.780000000000005,buy,stop
2026-09-12T18:45:46,4421,1020,10.419999999999995,buy,stop
2026-09-12T18:45:46,4421,1020,16.29,buy,stop
2026-09-12T18:45:46,4421,1020,15.02,buy,stop
2026-09-12T18:45:46,4422,1020,9.2,buy,market
2026-09-12T18:45:46,4423,1015,13.03,sell,market
2026-09-12T18:45:46,4427,1020,7.430000000000007,buy,market
2026-09-12T18:45:46,4427,1021,9.409999999999993,buy,market
2026-09-12T18:45:46,4427,1021,13.03,buy,stop
2026-09-12T18:45:46,4428,1021,16.54,buy,market
2026-09-12T18:45:46,4429,1021,11.70000000000001,buy,market
2026-09-12T18:45:46,4429,1022,11.45999999999999,buy,market
2026-09-12T18:45:46,4432,1022,20.14,buy,market
2026-09-12T18:45:46,4433,1022,14.220000000000013,buy,market
2026-09-12T18:45:46,4433,1023,1.3099999999999863,buy,market
2026-09-12T18:45:46,4439,1018,20.31,sell,market
2026-09-12T18:45:46,4444,1018,8.41,sell,market
2026-09-12T18:45:46,4445,1018,15.170000000000002,sell,market
2026-09-12T18:45:46,4445,1017,4.389999999999997,sell,market
2026-09-12T18:45:46,4448,1022,10.79,buy,market
2026-09-12T18:45:46,4448,1017,10.79,sell,stop
2026-09-12T18:45:46,4451,1017,22.74,sell,market
2026-09-12T18:45:46,4455,1022,14.06,buy,market
2026-09-12T18:45:46,4456,1022,10.820000000000002,buy,market
2026-09-12T18:45:46,4456,1023,9.269999999999998,buy,market
2026-09-12T18:45:46,4469,1018,17.24,sell,market
2026-09-12T18:45:46,4472,1023,12.350000000000003,buy,market
2026-09-12T18:45:46,4472,1024,6.379999999999997,buy,market
2026-09-12T18:45:46,4472,1019,18.73,sell,stop
2026-09-12T18:45:46,4474,1024,16.63,buy,market
2026-09-12T18:45:46,4475,1019,14.35,sell,market
2026-09-12T18:45:46,4481,1024,18.55,buy,market
2026-09-12T18:45:46,4482,1019,14.700000000000001,sell,market
2026-09-12T18:45:46,4482,1018,1.3199999999999985,sell,market
2026-09-12T18:45:46,4482,1023,16.02,buy,stop
2026-09-12T18:45:46,4485,1023,18.87,buy,market
2026-09-12T18:45:46,4486,1018,7.720000000000004,sell,market
2026-09-12T18:45:46,4486,1017,6.429999999999996,sell,market
2026-09-12T18:45:46,4490,1017,11.09,sell,market
2026-09-12T18:45:46,4492,1022,14.95,buy,market
2026-09-12T18:45:46,4494,1022,17.08,buy,market
2026-09-12T18:45:46,4496,1017,12.75,sell,market
2026-09-12T18:45:46,4497,1017,20.31,sell,market
2026-09-12T18:45:46,4498,1022,8.920000000000005,buy,market
2026-09-12T18:45:46,4498,1023,10.309999999999995,buy,market
2026-09-12T18:45:46,4498,1023,19.150000000000006,buy,stop
2026-09-12T18:45:46,4498,1024,1.159999999999993,buy,stop
2026-09-12T18:45:46,4498,1024,11.09,buy,stop
2026-09-12T18:45:46,4502,1019,11.06,sell,market
2026-09-12T18:45:46,4503,1019,12.06,sell,market
2026-09-12T18:45:46,4503,1018,6.17,sell,market
2026-09-12T18:45:46,4505,1023,15.12,buy,market
2026-09-12T18:45:46,4514,1023,10.79,buy,market
2026-09-12T18:45:46,4514,1018,10.79,sell,stop
2026-09-12T18:45:46,4515,1023,25.66,buy,market
2026-09-12T18:45:46,4520,1018,16.75,sell,market
2026-09-12T18:45:46,4520,1023,16.75,buy,stop
2026-09-12T18:45:46,4522,1023,9.36,buy,market
2026-09-12T18:45:46,4528,1018,10.089999999999996,sell,market
2026-09-12T18:45:46,4528,1017,20.650000000000002,sell,market
2026-09-12T18:45:46,4530,1017,17.68,sell,market
2026-09-12T18:45:46,4532,1017,12.669999999999998,sell,market
2026-09-12T18:45:46,4532,1016,4.800000000000001,sell,market
2026-09-12T18:45:46,4532,1016,18.55,sell,stop
2026-09-12T18:45:46,4532,1016,10.75,sell,stop
2026-09-12T18:45:46,4532,1015,14.91,sell,stop
2026-09-12T18:45:46,4532,1015,16.63,sell,stop
2026-09-12T18:45:46,4532,1015,7.960000000000001,sell,stop
2026-09-12T18:45:46,4532,1014,10.91,sell,stop
2026-09-12T18:45:46,4532,1014,16.54,sell,stop
2026-09-12T18:45:46,4532,1014,23.16,sell,stop
2026-09-12T18:45:46,4532,1014,4.7599999999999945,sell,stop
2026-09-12T18:45:46,4532,1013,10.770000000000005,sell,stop
2026-09-12T18:45:46,4532,1013,14.95,sell,stop
2026-09-12T18:45:46,4532,1013,4.2499999999999964,sell,stop
2026-09-12T18:45:46,4532,1012,15.840000000000003,sell,stop
2026-09-12T18:45:46,4532,1012,16.84,sell,stop
2026-09-12T18:45:46,4532,1012,4.319999999999997,sell,stop
2026-09-12T18:45:46,4532,1011,15.820000000000004,sell,stop
2026-09-12T18:45:46,4532,1011,14.06,sell,stop
2026-09-12T18:45:46,4532,1011,5.519999999999994,sell,stop
2026-09-12T18:45:46,4532,1010,9.430000000000005,sell,stop
2026-09-12T18:45:46,4532,1010,24.61,sell,stop
2026-09-12T18:45:46,4532,1010,0.12999999999999545,sell,stop
2026-09-12T18:45:46,4532,1009,16.950000000000003,sell,stop
2026-09-12T18:45:46,4532,1009,8.66,sell,stop
2026-09-12T18:45:46,4532,1009,20.76,sell,stop
2026-09-12T18:45:46,4532,1009,2.739999999999995,sell,stop
2026-09-12T18:45:46,4532,1008,6.460000000000004,sell,stop
2026-09-12T18:45:46,4532,1008,19.23,sell,stop
2026-09-12T18:45:46,4532,1008,15.12,sell,stop
2026-09-12T18:45:46,4532,1008,9.36,sell,stop
2026-09-12T18:45:46,4541,1013,13.46,buy,market
2026-09-12T18:45:46,4543,1013,25.64,buy,market
2026-09-12T18:45:46,4545,1008,16.35,sell,market
2026-09-12T18:45:46,4545,1013,0.5599999999999952,buy,stop
2026-09-12T18:45:46,4545,1014,15.790000000000006,buy,stop
2026-09-12T18:45:46,4549,1009,6.29,sell,market
2026-09-12T18:45:46,4551,1009,22.45,sell,market
2026-09-12T18:45:46,4555,1014,6.13,buy,market
2026-09-12T18:45:46,4558,1009,2.1800000000000033,sell,market
2026-09-12T18:45:46,4558,1008,10.049999999999997,sell,market
2026-09-12T18:45:46,4558,1007,14.11,sell,market
2026-09-12T18:45:46,4558,1007,10.79,sell,stop
2026-09-12T18:45:46,4558,1007,4.020000000000003,sell,stop
2026-09-12T18:45:46,4558,1006,8.629999999999997,sell,stop
2026-09-12T18:45:46,4558,1006,12.5,sell,stop
2026-09-12T18:45:46,4558,1006,15.02,sell,stop
2026-09-12T18:45:46,4558,1006,6.650000000000002,sell,stop
2026-09-12T18:45:46,4558,1005,7.689999999999998,sell,stop
2026-09-12T18:45:46,4558,1005,10.2,sell,stop
2026-09-12T18:45:46,4558,1005,13.03,sell,stop
2026-09-12T18:45:46,4558,1005,0.12000000000000277,sell,stop
2026-09-12T18:45:46,4558,1004,13.339999999999998,sell,stop
2026-09-12T18:45:46,4558,1004,14.81,sell,stop
2026-09-12T18:45:46,4558,1003,10.83,sell,stop
2026-09-12T18:45:46,4558,1003,6.13,sell,stop
2026-09-12T18:45:46,4559,1003,15.500000000000004,sell,market
2026-09-12T18:45:46,4559,1002,14.819999999999997,sell,market
2026-09-12T18:45:46,4559,1002,9.95,sell,stop
2026-09-12T18:45:46,4562,1002,18.23,sell,market
2026-09-12T18:45:46,4573,1002,4.190000000000005,sell,market
2026-09-12T18:45:46,4573,1001,14.909999999999997,sell,market
2026-09-12T18:45:46,4573,1001,13.71,sell,stop
2026-09-12T18:45:46,4575,1006,12.23,buy,market
2026-09-12T18:45:46,4578,1001,11.25,sell,market
2026-09-12T18:45:46,4586,1001,5.8,sell,market
2026-09-12T18:45:46,4589,1006,20.43,buy,market
2026-09-12T18:45:46,4602,1001,1.5500000000000016,sell,market
2026-09-12T18:45:46,4602,1000,20.62,sell,market
2026-09-12T18:45:46,4602,999,1.4799999999999969,sell,market
2026-09-12T18:45:46,4602,999,20.43,sell,stop
2026-09-12T18:45:46,4604,999,8.050000000000004,sell,market
2026-09-12T18:45:46,4604,998,8.689999999999994,sell,market
2026-09-12T18:45:46,4604,998,12.23,sell,stop
2026-09-12T18:45:46,4606,998,17.07,sell,market
2026-09-12T18:45:46,4609,998,5.15,sell,market
2026-09-12T18:45:46,4611,1003,16.37,buy,market
2026-09-12T18:45:46,4611,1004,6.219999999999999,buy,market
2026-09-12T18:45:46,4611,1004,17.07,buy,stop
2026-09-12T18:45:46,4615,999,7.38,sell,market
2026-09-12T18:45:46,4620,1004,15.9,buy,market
2026-09-12T18:45:46,4624,999,17.130000000000003,sell,market
2026-09-12T18:45:46,4624,998,5.199999999999996,sell,market
2026-09-12T18:45:46,4625,998,19.65,sell,market
2026-09-12T18:45:46,4629,1003,13.73,buy,market
2026-09-12T18:45:46,4632,998,15.5,sell,market
2026-09-12T18:45:46,4637,998,0.8900000000000077,sell,market
2026-09-12T18:45:46,4637,997,11.819999999999993,sell,market
2026-09-12T18:45:46,4641,1002,11.75,buy,market
2026-09-12T18:45:46,4645,1002,16.33,buy,market
2026-09-12T18:45:46,4646,997,24.22,sell,market
2026-09-12T18:45:46,4647,997,3.1300000000000097,sell,market
2026-09-12T18:45:46,4647,996,14.79999999999999,sell,market
2026-09-12T18:45:46,4647,996,6.400000000000009,sell,stop
2026-09-12T18:45:46,4647,995,9.499999999999991,sell,stop
2026-09-12T18:45:46,4648,1000,13.02,buy,market
2026-09-12T18:45:46,4652,995,19.74000000000001,sell,market
2026-09-12T18:45:46,4652,994,0.7499999999999893,sell,market
2026-09-12T18:45:46,4652,994,22.59,sell,stop
2026-09-12T18:45:46,4652,994,13.73,sell,stop
2026-09-12T18:45:46,4652,994,8.320000000000014,sell,stop
2026-09-12T18:45:46,4652,993,3.4299999999999855,sell,stop
2026-09-12T18:45:46,4652,993,16.33,sell,stop
2026-09-12T18:45:46,4653,998,16.48,buy,market
2026-09-12T18:45:46,4656,993,7.21,sell,market
2026-09-12T18:45:46,4663,993,21.340000000000018,sell,market
2026-09-12T18:45:46,4663,992,6.239999999999981,sell,market
2026-09-12T18:45:46,4664,992,5.27,sell,market
2026-09-12T18:45:46,4664,997,5.27,buy,stop
2026-09-12T18:45:46,4665,997,13.17,buy,market
2026-09-12T18:45:46,4666,997,9.92,buy,market
2026-09-12T18:45:46,4666,998,6.840000000000002,buy,market
2026-09-12T18:45:46,4667,993,13.83,sell,market
2026-09-12T18:45:46,4667,998,13.83,buy,stop
2026-09-12T18:45:46,4670,993,13.87,sell,market
2026-09-12T18:45:46,4678,998,5.03,buy,market
2026-09-12T18:45:46,4685,998,19.6,buy,market
2026-09-12T18:45:46,4689,998,11.6,buy,market
2026-09-12T18:45:46,4690,993,13.45,sell,market
2026-09-12T18:45:46,4694,993,13.22,sell,market
2026-09-12T18:45:46,4695,998,16.54,buy,market
2026-09-12T18:45:46,4702,993,16.29,sell,market
2026-09-12T18:45:46,4702,992,4.720000000000002,sell,market
2026-09-12T18:45:46,4702,992,11.6,sell,stop
2026-09-12T18:45:46,4702,992,16.54,sell,stop
2026-09-12T18:45:46,4703,992,13.3,sell,market
2026-09-12T18:45:46,4705,992,1.8900000000000254,sell,market
2026-09-12T18:45:46,4705,991,7.309999999999974,sell,market
2026-09-12T18:45:46,4705,991,13.02,sell,stop
2026-09-12T18:45:46,4705,991,16.48,sell,stop
2026-09-12T18:45:46,4705,991,13.17,sell,stop
2026-09-12T18:45:46,4705,991,3.2300000000000235,sell,stop
2026-09-12T18:45:46,4705,990,13.529999999999978,sell,stop
2026-09-12T18:45:46,4708,990,18.54,sell,market
2026-09-12T18:45:46,4709,990,12.06,sell,market
2026-09-12T18:45:46,4710,995,10.6,buy,market
2026-09-12T18:45:46,4712,995,15.31,buy,market
2026-09-12T18:45:46,4717,990,7.8600000000000225,sell,market
2026-09-12T18:45:46,4717,989,13.619999999999978,sell,market
2026-09-12T18:45:46,4718,994,26.52,buy,market
2026-09-12T18:45:46,4722,994,14.23,buy,market
2026-09-12T18:45:46,4722,995,1.0700000000000003,buy,market
2026-09-12T18:45:46,4723,995,10.08,buy,market
2026-09-12T18:45:46,4727,990,19.81,sell,market
2026-09-12T18:45:46,4733,995,23.26,buy,market
2026-09-12T18:45:46,4736,995,4.040000000000003,buy,market
2026-09-12T18:45:46,4736,996,9.569999999999997,buy,market
2026-09-12T18:45:46,4736,996,9.2,buy,stop
2026-09-12T18:45:46,4737,996,1.9000000000000057,buy,market
2026-09-12T18:45:46,4737,997,15.949999999999996,buy,market
2026-09-12T18:45:46,4737,997,17.870000000000005,buy,stop
2026-09-12T18:45:46,4737,998,3.609999999999996,buy,stop
2026-09-12T18:45:46,4737,998,0.629999999999999,buy,stop
2026-09-12T18:45:46,4737,999,11.430000000000001,buy,stop
2026-09-12T18:45:46,4737,999,13.3,buy,stop
2026-09-12T18:45:46,4737,999,10.370000000000001,buy,stop
2026-09-12T18:45:46,4737,1000,9.439999999999998,buy,stop
2026-09-12T18:45:46,4737,1000,13.87,buy,stop
2026-09-12T18:45:46,4739,995,23.84,sell,market
2026-09-12T18:45:46,4739,1000,23.84,buy,stop
2026-09-12T18:45:46,4748,995,12.28,sell,market
2026-09-12T18:45:46,4749,1000,14.4,buy,market
2026-09-12T18:45:46,4749,995,14.4,sell,stop
2026-09-12T18:45:46,4750,1000,13.110000000000001,buy,market
2026-09-12T18:45:46,4750,1001,1.4199999999999982,buy,market
2026-09-12T18:45:46,4750,1001,27.58,buy,stop
2026-09-12T18:45:46,4754,996,21.11,sell,market
2026-09-12T18:45:46,4755,996,7.17,sell,market
2026-09-12T18:45:46,4756,996,3.9099999999999984,sell,market
2026-09-12T18:45:46,4756,995,16.230000000000004,sell,market
2026-09-12T18:45:46,4758,995,20.09,sell,market
2026-09-12T18:45:46,4759,995,12.45,sell,market
2026-09-12T18:45:46,4762,1000,7.84,buy,market
2026-09-12T18:45:46,4764,995,3.0500000000000043,sell,market
2026-09-12T18:45:46,4764,994,7.009999999999996,sell,market
2026-09-12T18:45:46,4764,994,14.53,sell,stop
2026-09-12T18:45:46,4766,999,15.25,buy,market
2026-09-12T18:45:46,4769,999,19.63,buy,market
2026-09-12T18:45:46,4770,999,10.87,buy,market
2026-09-12T18:45:46,4770,994,10.87,sell,stop
2026-09-12T18:45:46,4772,994,10.1,sell,market
2026-09-12T18:45:46,4772,999,9.930000000000001,buy,stop
2026-09-12T18:45:46,4772,1000,0.16999999999999815,buy,stop
2026-09-12T18:45:46,4772,1000,10.06,buy,stop
2026-09-12T18:45:46,4774,1000,21.33,buy,market
2026-09-12T18:45:46,4776,995,11.82,sell,market
2026-09-12T18:45:46,4782,1000,14.049999999999997,buy,market
2026-09-12T18:45:46,4782,1001,4.2500000000000036,buy,market
2026-09-12T18:45:46,4782,1001,12.45,buy,stop
2026-09-12T18:45:46,4783,996,12.32,sell,market
2026-09-12T18:45:46,4786,1001,21.9,buy,market
2026-09-12T18:45:46,4787,996,4.63,sell,market
2026-09-12T18:45:46,4787,1001,4.63,buy,stop
2026-09-12T18:45:46,4788,1001,0.9100000000000028,buy,market
2026-09-12T18:45:46,4788,1002,15.939999999999998,buy,market
2026-09-12T18:45:46,4788,1002,12.660000000000004,buy,stop
2026-09-12T18:45:46,4788,1003,0.559999999999997,buy,stop
2026-09-12T18:45:46,4788,1003,20.49,buy,stop
2026-09-12T18:45:46,4788,1003,7.21,buy,stop
2026-09-12T18:45:46,4788,1003,4.090000000000008,buy,stop
2026-09-12T18:45:46,4788,1004,9.359999999999992,buy,stop
2026-09-12T18:45:46,4788,1004,12.71,buy,stop
2026-09-12T18:45:46,4788,1004,21.01,buy,stop
2026-09-12T18:45:46,4788,1004,3.650000000000002,buy,stop
2026-09-12T18:45:46,4788,1005,14.889999999999997,buy,stop
2026-09-12T18:45:46,4788,1005,5.15,buy,stop
2026-09-12T18:45:46,4788,1005,5.650000000000004,buy,stop
2026-09-12T18:45:46,4788,1006,6.6299999999999955,buy,stop
2026-09-12T18:45:46,4788,1006,15.5,buy,stop
2026-09-12T18:45:46,4788,1006,16.950000000000003,buy,stop
2026-09-12T18:45:46,4788,1007,7.269999999999996,buy,stop
2026-09-12T18:45:46,4788,1007,11.25,buy,stop
2026-09-12T18:45:46,4788,1007,17.93,buy,stop
2026-09-12T18:45:46,4788,1007,12.760000000000005,buy,stop
2026-09-12T18:45:46,4788,1008,8.349999999999994,buy,stop
2026-09-12T18:45:46,4788,1008,19.65,buy,stop
2026-09-12T18:45:46,4788,1008,7.17,buy,stop
2026-09-12T18:45:46,4788,1008,5.130000000000004,buy,stop
2026-09-12T18:45:46,4788,1009,15.009999999999996,buy,stop
2026-09-12T18:45:46,4788,1009,20.09,buy,stop
2026-09-12T18:45:46,4788,1009,11.82,buy,stop
2026-09-12T18:45:46,4788,1009,0.18000000000000327,buy,stop
2026-09-12T18:45:46,4788,1010,12.139999999999997,buy,stop
2026-09-12T18:45:46,4788,1010,24.810000000000006,buy,stop
2026-09-12T18:45:46,4788,1011,5.5099999999999945,buy,stop
2026-09-12T18:45:46,4788,1011,5.8,buy,stop
2026-09-12T18:45:46,4788,1011,7.38,buy,stop
2026-09-12T18:45:46,4790,1006,22.54,sell,market
2026-09-12T18:45:46,4795,1006,12.72,sell,market
2026-09-12T18:45:46,4798,1011,11.82,buy,market
2026-09-12T18:45:46,4810,1011,14.62,buy,market
2026-09-12T18:45:46,4813,1006,11.51,sell,market
2026-09-12T18:45:46,4822,1006,4.630000000000001,sell,market
2026-09-12T18:45:46,4822,1005,6.379999999999999,sell,market
2026-09-12T18:45:46,4822,1005,14.62,sell,stop
2026-09-12T18:45:46,4826,1010,11.06,buy,market
2026-09-12T18:45:46,4828,1005,12.67,sell,market
2026-09-12T18:45:46,4836,1010,15.22,buy,market
2026-09-12T18:45:46,4842,1010,14.0,buy,market
2026-09-12T18:45:46,4844,1005,12.12,sell,market
2026-09-12T18:45:46,4850,1010,1.479999999999995,buy,market
2026-09-12T18:45:46,4850,1011,16.640000000000008,buy,market
2026-09-12T18:45:46,4851,1011,11.719999999999992,buy,market
2026-09-12T18:45:46,4851,1012,9.390000000000008,buy,market
2026-09-12T18:45:46,4851,1007,17.38,sell,stop
2026-09-12T18:45:46,4851,1006,3.7300000000000004,sell,stop
2026-09-12T18:45:46,4853,1011,5.83,buy,market
2026-09-12T18:45:46,4854,1011,12.17,buy,market
2026-09-12T18:45:46,4856,1011,21.29,buy,market
2026-09-12T18:45:46,4861,1006,17.47,sell,market
2026-09-12T18:45:46,4861,1011,1.490000000000002,buy,stop
2026-09-12T18:45:46,4861,1012,15.979999999999997,buy,stop
2026-09-12T18:45:46,4863,1012,8.39,buy,market
2026-09-12T18:45:46,4867,1012,5.78,buy,market
2026-09-12T18:45:46,4868,1012,19.52,buy,market
2026-09-12T18:45:46,4869,1012,12.56,buy,market
2026-09-12T18:45:46,4873,1007,19.27,sell,market
2026-09-12T18:45:46,4873,1006,1.5500000000000007,sell,market
2026-09-12T18:45:46,4877,1006,16.66,sell,market
2026-09-12T18:45:46,4878,1006,14.71,sell,market
2026-09-12T18:45:46,4881,1011,15.0,buy,market
2026-09-12T18:45:46,4882,1011,12.35,buy,market
2026-09-12T18:45:46,4885,1011,11.94,buy,market
2026-09-12T18:45:46,4886,1006,16.15,sell,market
2026-09-12T18:45:46,4887,1011,13.63,buy,market
2026-09-12T18:45:46,4892,1006,16.2,sell,market
2026-09-12T18:45:46,4900,1006,14.850000000000001,sell,market
2026-09-12T18:45:46,4900,1005,2.5700000000000003,sell,market
2026-09-12T18:45:46,4900,1005,5.83,sell,stop
2026-09-12T18:45:46,4900,1005,21.29,sell,stop
2026-09-12T18:45:46,4900,1005,12.56,sell,stop
2026-09-12T18:45:46,4900,1005,5.810000000000004,sell,stop
2026-09-12T18:45:46,4900,1004,7.819999999999997,sell,stop
2026-09-12T18:45:46,4900,1004,15.22,sell,stop
2026-09-12T18:45:46,4900,1004,12.160000000000005,sell,stop
2026-09-12T18:45:46,4900,1003,5.9599999999999955,sell,stop
2026-09-12T18:45:46,4900,1003,5.78,sell,stop
2026-09-12T18:45:46,4900,1003,15.0,sell,stop
2026-09-12T18:45:46,4900,1003,1.8700000000000045,sell,stop
2026-09-12T18:45:46,4900,1002,10.479999999999995,sell,stop
2026-09-12T18:45:46,4900,1002,11.06,sell,stop
2026-09-12T18:45:46,4900,1002,14.0,sell,stop
2026-09-12T18:45:46,4900,1002,6.93,sell,stop
2026-09-12T18:45:46,4900,1001,1.4600000000000009,sell,stop
2026-09-12T18:45:46,4900,1001,11.82,sell,stop
2026-09-12T18:45:46,4900,1001,19.52,sell,stop
2026-09-12T18:45:46,4905,1006,13.0,buy,market
2026-09-12T18:45:46,4906,1001,15.279999999999998,sell,market
2026-09-12T18:45:46,4906,1000,4.620000000000001,sell,market
2026-09-12T18:45:46,4906,1000,12.17,sell,stop
2026-09-12T18:45:46,4907,1005,9.32,buy,market
2026-09-12T18:45:46,4909,1005,26.3,buy,market
2026-09-12T18:45:46,4914,1005,17.06,buy,market
2026-09-12T18:45:46,4914,1006,5.540000000000003,buy,market
2026-09-12T18:45:46,4915,1001,8.29,sell,market
2026-09-12T18:45:46,4924,1001,17.74,sell,market
2026-09-12T18:45:46,4924,1000,9.290000000000003,sell,market
2026-09-12T18:45:46,4927,1000,14.71,sell,market
2026-09-12T18:45:46,4932,1005,14.06,buy,market
2026-09-12T18:45:46,4933,1000,6.659999999999993,sell,market
2026-09-12T18:45:46,4933,999,4.240000000000007,sell,market
2026-09-12T18:45:46,4933,999,11.94,sell,stop
2026-09-12T18:45:46,4933,999,13.0,sell,stop
2026-09-12T18:45:46,4933,999,13.72999999999999,sell,stop
2026-09-12T18:45:46,4933,998,8.870000000000012,sell,stop
2026-09-12T18:45:46,4943,1003,9.98,buy,market
2026-09-12T18:45:46,4944,1003,19.34,buy,market
2026-09-12T18:45:46,4946,1003,23.61,buy,market
2026-09-12T18:45:46,4947,1003,9.209999999999994,buy,market
2026-09-12T18:45:46,4947,1004,2.090000000000007,buy,market
2026-09-12T18:45:46,4949,999,21.64,sell,market
2026-09-12T18:45:46,4950,1004,14.38,buy,market
2026-09-12T18:45:46,4950,999,14.38,sell,stop
2026-09-12T18:45:46,4953,999,15.37,sell,market
2026-09-12T18:45:46,4953,1004,15.37,buy,stop
2026-09-12T18:45:46,4955,999,7.0600000000000005,sell,market
2026-09-12T18:45:46,4955,998,9.950000000000001,sell,market
2026-09-12T18:45:46,4960,1003,12.65,buy,market
2026-09-12T18:45:46,4963,1003,10.72,buy,market
2026-09-12T18:45:46,4967,1003,7.8199999999999985,buy,market
2026-09-12T18:45:46,4967,1004,6.369999999999989,buy,market
2026-09-12T18:45:46,4967,1005,4.430000000000014,buy,market
2026-09-12T18:45:46,4967,1005,17.01,buy,stop
2026-09-12T18:45:46,4970,1005,15.4,buy,market
2026-09-12T18:45:46,4971,1005,8.51,buy,market
2026-09-12T18:45:46,4973,1005,13.87999999999998,buy,market
2026-09-12T18:45:46,4973,1006,2.39000000000002,buy,market
2026-09-12T18:45:46,4973,1006,10.9,buy,stop
2026-09-12T18:45:46,4979,1006,16.73,buy,market
2026-09-12T18:45:46,4981,1006,4.3499999999999766,buy,market
2026-09-12T18:45:46,4981,1007,4.430000000000023,buy,market
2026-09-12T18:45:46,4981,1007,27.03,buy,stop
2026-09-12T18:45:46,4982,1007,7.689999999999976,buy,market
2026-09-12T18:45:46,4982,1008,8.930000000000025,buy,market
2026-09-12T18:45:46,4982,1008,19.9,buy,stop
2026-09-12T18:45:46,4982,1008,8.29,buy,stop
2026-09-12T18:45:46,4986,1008,8.20999999999998,buy,market
2026-09-12T18:45:46,4986,1009,9.63000000000002,buy,market
2026-09-12T18:45:46,4986,1009,21.64,buy,stop
2026-09-12T18:45:46,4991,1009,19.28,buy,market
2026-09-12T18:45:46,4992,1009,7.009999999999998,buy,market
2026-09-12T18:45:46,4992,1010,4.770000000000001,buy,market
2026-09-12T18:45:46,4992,1010,14.71,buy,stop
2026-09-12T18:45:46,4994,1010,13.46,buy,market
2026-09-12T18:45:46,4997,1010,14.799999999999997,buy,market
2026-09-12T18:45:46,4997,1011,3.1800000000000033,buy,market
2026-09-12T18:45:46,4998,1011,4.11,buy,market
